index,repeat,fold,study,source_path,true_region,predicted_region,quality_true,quality_score,quality_pred,violation_type,decision_version,decision_reason,quality_threshold,criterion_scores,criterion_thresholds,criterion_states
3,0,0,1.2.840.113619.2.110.512719.20250403092052,1.2.840.113619.2.110.512719.20250403092052/series_003_3_CR/DXA/CR DXA/CR000000.dcm,hip_right,hip_right,0,0.37330365679204025,1,Некорректная укладка,5,criterion_failure,0.37913669508364356,"{""hip_position_rotation"": 0.46621542587292614, ""hip_roi_coverage"": 0.11474527253843535}","{""hip_position_rotation"": 0.29021720311003885, ""hip_roi_coverage"": 0.40419806955132653}","{""hip_position_rotation"": {""basis"": ""criterion_threshold"", ""status"": ""fail""}, ""hip_roi_coverage"": {""basis"": ""criterion_threshold"", ""status"": ""pass""}}"
4,0,0,1.2.840.113619.2.110.512719.20250403092052,1.2.840.113619.2.110.512719.20250403092052/series_003_3_CR/DXA/CR DXA/CR000001.dcm,spine,spine,0,0.24377879486429246,0,,5,counterfactual_learned_axis,0.3008199814731927,"{""spine_artifact"": 0.26871083557974407, ""spine_axis"": 0.044647280269198064, ""spine_coverage"": 0.037293938248598814}","{""spine_artifact"": 0.38327938033878484, ""spine_axis"": 0.24315330313094366, ""spine_coverage"": 0.43776668779050887}","{""spine_artifact"": {""basis"": ""criterion_threshold"", ""status"": ""pass""}, ""spine_axis"": {""basis"": ""counterfactual_learned_axis"", ""clinical_validation"": false, ""status"": ""pass""}, ""spine_coverage"": {""basis"": ""criterion_threshold"", ""status"": ""pass""}}"
5,0,0,1.2.840.113619.2.110.512719.20250403092052,1.2.840.113619.2.110.512719.20250403092052/series_003_3_CR/DXA/CR DXA/CR000002.dcm,hip_left,hip_left,0,0.42734971481013356,1,Некорректная укладка,5,criterion_failure,0.37913669508364356,"{""hip_position_rotation"": 0.5455077829499883, ""hip_roi_coverage"": 0.07170554896150032}","{""hip_position_rotation"": 0.29021720311003885, ""hip_roi_coverage"": 0.40419806955132653}","{""hip_position_rotation"": {""basis"": ""criterion_threshold"", ""status"": ""fail""}, ""hip_roi_coverage"": {""basis"": ""criterion_threshold"", ""status"": ""pass""}}"
21,0,0,2.25.105033841136787477881326326053319223817,2.25.105033841136787477881326326053319223817/series_001_2_CR/A250790559 DXA/CR DXA/CR000000.dcm,spine,spine,0,0.18727096960376177,0,,5,counterfactual_learned_axis,0.3008199814731927,"{""spine_artifact"": 0.11605614160358592, ""spine_axis"": 0.10747904990863988, ""spine_coverage"": 0.06095035632877771}","{""spine_artifact"": 0.38327938033878484, ""spine_axis"": 0.24315330313094366, ""spine_coverage"": 0.43776668779050887}","{""spine_artifact"": {""basis"": ""criterion_threshold"", ""status"": ""pass""}, ""spine_axis"": {""basis"": ""counterfactual_learned_axis"", ""clinical_validation"": false, ""status"": ""pass""}, ""spine_coverage"": {""basis"": ""criterion_threshold"", ""status"": ""pass""}}"
22,0,0,2.25.105033841136787477881326326053319223817,2.25.105033841136787477881326326053319223817/series_001_2_CR/A250790559 DXA/CR DXA/CR000002.dcm,hip_left,hip_left,0,0.30616125432941615,0,,5,no_detected_violation,0.37913669508364356,"{""hip_position_rotation"": 0.2623194568783099, ""hip_roi_coverage"": 0.045014963928554495}","{""hip_position_rotation"": 0.29021720311003885, ""hip_roi_coverage"": 0.40419806955132653}","{""hip_position_rotation"": {""basis"": ""criterion_threshold"", ""status"": ""pass""}, ""hip_roi_coverage"": {""basis"": ""criterion_threshold"", ""status"": ""pass""}}"
23,0,0,2.25.105033841136787477881326326053319223817,2.25.105033841136787477881326326053319223817/series_001_2_CR/A250790559 DXA/CR DXA/CR000003.dcm,hip_right,hip_right,0,0.38733254274660434,1,,5,binary_only_review,0.37913669508364356,"{""hip_position_rotation"": 0.28789333001969103, ""hip_roi_coverage"": 0.09962559342181815}","{""hip_position_rotation"": 0.29021720311003885, ""hip_roi_coverage"": 0.40419806955132653}","{""hip_position_rotation"": {""basis"": ""criterion_threshold"", ""status"": ""pass""}, ""hip_roi_coverage"": {""basis"": ""criterion_threshold"", ""status"": ""pass""}}"
48,0,0,2.25.12798473087614376830819854616447908612,2.25.12798473087614376830819854616447908612/series_002_2_CR/A2507538847 DXA/CR DXA/CR000000.dcm,spine,spine,0,0.1423854899510645,0,,5,counterfactual_learned_axis,0.3008199814731927,"{""spine_artifact"": 0.1029205995512219, ""spine_axis"": 0.03930697858058663, ""spine_coverage"": 0.07041166427896621}","{""spine_artifact"": 0.38327938033878484, ""spine_axis"": 0.24315330313094366, ""spine_coverage"": 0.43776668779050887}","{""spine_artifact"": {""basis"": ""criterion_threshold"", ""status"": ""pass""}, ""spine_axis"": {""basis"": ""counterfactual_learned_axis"", ""clinical_validation"": false, ""status"": ""pass""}, ""spine_coverage"": {""basis"": ""criterion_threshold"", ""status"": ""pass""}}"
50,0,0,2.25.128630285053087246379265602913470285158,2.25.128630285053087246379265602913470285158/series_003_2_CR/A2504394821 DXA/CR DXA/CR000000.dcm,spine,spine,0,0.356944859940668,1,Присутствуют посторонние предметы,5,counterfactual_learned_axis,0.3008199814731927,"{""spine_artifact"": 0.4521940010785763, ""spine_axis"": 0.10486712546834857, ""spine_coverage"": 0.022573661761686747}","{""spine_artifact"": 0.38327938033878484, ""spine_axis"": 0.24315330313094366, ""spine_coverage"": 0.43776668779050887}","{""spine_artifact"": {""basis"": ""criterion_threshold"", ""status"": ""fail""}, ""spine_axis"": {""basis"": ""counterfactual_learned_axis"", ""clinical_validation"": false, ""status"": ""pass""}, ""spine_coverage"": {""basis"": ""criterion_threshold"", ""status"": ""pass""}}"
70,0,0,2.25.135241889065705954191821710363605596815,2.25.135241889065705954191821710363605596815/series_003_3_CR/A250715060 DXA/CR DXA/CR000000.dcm,hip_left,hip_left,0,0.5593380654296713,1,Некорректная укладка,5,criterion_failure,0.37913669508364356,"{""hip_position_rotation"": 0.3876877491522111, ""hip_roi_coverage"": 0.2615513590342092}","{""hip_position_rotation"": 0.29021720311003885, ""hip_roi_coverage"": 0.40419806955132653}","{""hip_position_rotation"": {""basis"": ""criterion_threshold"", ""status"": ""fail""}, ""hip_roi_coverage"": {""basis"": ""criterion_threshold"", ""status"": ""pass""}}"
71,0,0,2.25.135241889065705954191821710363605596815,2.25.135241889065705954191821710363605596815/series_003_3_CR/A250715060 DXA/CR DXA/CR000001.dcm,spine,spine,0,0.16199718708083208,0,,5,counterfactual_learned_axis,0.3008199814731927,"{""spine_artifact"": 0.1031099798265328, ""spine_axis"": 0.032475368529210236, ""spine_coverage"": 0.055695862066698076}","{""spine_artifact"": 0.38327938033878484, ""spine_axis"": 0.24315330313094366, ""spine_coverage"": 0.43776668779050887}","{""spine_artifact"": {""basis"": ""criterion_threshold"", ""status"": ""pass""}, ""spine_axis"": {""basis"": ""counterfactual_learned_axis"", ""clinical_validation"": false, ""status"": ""pass""}, ""spine_coverage"": {""basis"": ""criterion_threshold"", ""status"": ""pass""}}"
95,0,0,2.25.156389075510671877606923458507011517218,2.25.156389075510671877606923458507011517218/series_001_2_CR/A2507389755 DXA/CR DXA/CR000000.dcm,hip_right,hip_right,0,0.15737200116513858,0,,5,no_detected_violation,0.37913669508364356,"{""hip_position_rotation"": 0.24220864484590643, ""hip_roi_coverage"": 0.0057849484765875375}","{""hip_position_rotation"": 0.29021720311003885, ""hip_roi_coverage"": 0.40419806955132653}","{""hip_position_rotation"": {""basis"": ""criterion_threshold"", ""status"": ""pass""}, ""hip_roi_coverage"": {""basis"": ""criterion_threshold"", ""status"": ""pass""}}"
96,0,0,2.25.156389075510671877606923458507011517218,2.25.156389075510671877606923458507011517218/series_001_2_CR/A2507389755 DXA/CR DXA/CR000001.dcm,hip_left,hip_left,0,0.16409526188133358,0,,5,no_detected_violation,0.37913669508364356,"{""hip_position_rotation"": 0.20585628461124494, ""hip_roi_coverage"": 0.005819495213549765}","{""hip_position_rotation"": 0.29021720311003885, ""hip_roi_coverage"": 0.40419806955132653}","{""hip_position_rotation"": {""basis"": ""criterion_threshold"", ""status"": ""pass""}, ""hip_roi_coverage"": {""basis"": ""criterion_threshold"", ""status"": ""pass""}}"
97,0,0,2.25.156389075510671877606923458507011517218,2.25.156389075510671877606923458507011517218/series_001_2_CR/A2507389755 DXA/CR DXA/CR000002.dcm,spine,spine,0,0.0604339160681401,0,,5,counterfactual_learned_axis,0.3008199814731927,"{""spine_artifact"": 0.02109445190751862, ""spine_axis"": 0.03923407535013828, ""spine_coverage"": 0.040933867143125746}","{""spine_artifact"": 0.38327938033878484, ""spine_axis"": 0.24315330313094366, ""spine_coverage"": 0.43776668779050887}","{""spine_artifact"": {""basis"": ""criterion_threshold"", ""status"": ""pass""}, ""spine_axis"": {""basis"": ""counterfactual_learned_axis"", ""clinical_validation"": false, ""status"": ""pass""}, ""spine_coverage"": {""basis"": ""criterion_threshold"", ""status"": ""pass""}}"
102,0,0,2.25.158646777318759504110695916200521633609,2.25.158646777318759504110695916200521633609/series_003_6_CR/A2507266260 DXA/CR DXA/CR000000.dcm,hip_right,hip_right,0,0.11070160329070693,0,,5,no_detected_violation,0.37913669508364356,"{""hip_position_rotation"": 0.17030168498380294, ""hip_roi_coverage"": 0.006177684230966612}","{""hip_position_rotation"": 0.29021720311003885, ""hip_roi_coverage"": 0.40419806955132653}","{""hip_position_rotation"": {""basis"": ""criterion_threshold"", ""status"": ""pass""}, ""hip_roi_coverage"": {""basis"": ""criterion_threshold"", ""status"": ""pass""}}"
103,0,0,2.25.158646777318759504110695916200521633609,2.25.158646777318759504110695916200521633609/series_003_6_CR/A2507266260 DXA/CR DXA/CR000001.dcm,spine,spine,1,0.46863056805905784,1,Присутствуют посторонние предметы,5,counterfactual_learned_axis,0.3008199814731927,"{""spine_artifact"": 0.4532178510747001, ""spine_axis"": 0.06022510930977639, ""spine_coverage"": 0.058783283110682476}","{""spine_artifact"": 0.38327938033878484, ""spine_axis"": 0.24315330313094366, ""spine_coverage"": 0.43776668779050887}","{""spine_artifact"": {""basis"": ""criterion_threshold"", ""status"": ""fail""}, ""spine_axis"": {""basis"": ""counterfactual_learned_axis"", ""clinical_validation"": false, ""status"": ""pass""}, ""spine_coverage"": {""basis"": ""criterion_threshold"", ""status"": ""pass""}}"
104,0,0,2.25.158646777318759504110695916200521633609,2.25.158646777318759504110695916200521633609/series_003_6_CR/A2507266260 DXA/CR DXA/CR000003.dcm,hip_left,hip_left,0,0.0969886283113962,0,,5,no_detected_violation,0.37913669508364356,"{""hip_position_rotation"": 0.1427391778660454, ""hip_roi_coverage"": 0.005965813477099985}","{""hip_position_rotation"": 0.29021720311003885, ""hip_roi_coverage"": 0.40419806955132653}","{""hip_position_rotation"": {""basis"": ""criterion_threshold"", ""status"": ""pass""}, ""hip_roi_coverage"": {""basis"": ""criterion_threshold"", ""status"": ""pass""}}"
112,0,0,2.25.165355673991587715046346525964554729786,2.25.165355673991587715046346525964554729786/series_003_3_CR/A2506448267 DXA/CR DXA/CR000000.dcm,hip_left,hip_left,0,0.25263130056327515,1,Некорректная укладка,5,criterion_failure,0.37913669508364356,"{""hip_position_rotation"": 0.34607099625722393, ""hip_roi_coverage"": 0.043122919440777674}","{""hip_position_rotation"": 0.29021720311003885, ""hip_roi_coverage"": 0.40419806955132653}","{""hip_position_rotation"": {""basis"": ""criterion_threshold"", ""status"": ""fail""}, ""hip_roi_coverage"": {""basis"": ""criterion_threshold"", ""status"": ""pass""}}"
113,0,0,2.25.165355673991587715046346525964554729786,2.25.165355673991587715046346525964554729786/series_003_3_CR/A2506448267 DXA/CR DXA/CR000001.dcm,spine,spine,1,0.44939662547852843,1,Присутствуют посторонние предметы,5,counterfactual_learned_axis,0.3008199814731927,"{""spine_artifact"": 0.7271971832737824, ""spine_axis"": 0.01748305465973151, ""spine_coverage"": 0.04773395295386885}","{""spine_artifact"": 0.38327938033878484, ""spine_axis"": 0.24315330313094366, ""spine_coverage"": 0.43776668779050887}","{""spine_artifact"": {""basis"": ""criterion_threshold"", ""status"": ""fail""}, ""spine_axis"": {""basis"": ""counterfactual_learned_axis"", ""clinical_validation"": false, ""status"": ""pass""}, ""spine_coverage"": {""basis"": ""criterion_threshold"", ""status"": ""pass""}}"
120,0,0,2.25.168317503020329569414190677927680518621,2.25.168317503020329569414190677927680518621/series_004_2_CR/A2507557128 DXA/CR DXA/CR000000.dcm,hip_left,hip_left,0,0.15064858300414277,0,,5,no_detected_violation,0.37913669508364356,"{""hip_position_rotation"": 0.15715803691233685, ""hip_roi_coverage"": 0.06151410388336196}","{""hip_position_rotation"": 0.29021720311003885, ""hip_roi_coverage"": 0.40419806955132653}","{""hip_position_rotation"": {""basis"": ""criterion_threshold"", ""status"": ""pass""}, ""hip_roi_coverage"": {""basis"": ""criterion_threshold"", ""status"": ""pass""}}"
121,0,0,2.25.168317503020329569414190677927680518621,2.25.168317503020329569414190677927680518621/series_004_2_CR/A2507557128 DXA/CR DXA/CR000003.dcm,spine,spine,0,0.2850595614295823,0,,5,counterfactual_learned_axis,0.3008199814731927,"{""spine_artifact"": 0.015541335253088054, ""spine_axis"": 0.180908750116626, ""spine_coverage"": 0.07243557532765137}","{""spine_artifact"": 0.38327938033878484, ""spine_axis"": 0.24315330313094366, ""spine_coverage"": 0.43776668779050887}","{""spine_artifact"": {""basis"": ""criterion_threshold"", ""status"": ""pass""}, ""spine_axis"": {""basis"": ""counterfactual_learned_axis"", ""clinical_validation"": false, ""status"": ""pass""}, ""spine_coverage"": {""basis"": ""criterion_threshold"", ""status"": ""pass""}}"
122,0,0,2.25.168317503020329569414190677927680518621,2.25.168317503020329569414190677927680518621/series_004_2_CR/A2507557128 DXA/CR DXA/CR000004.dcm,hip_right,hip_right,0,0.13351617569587212,0,,5,no_detected_violation,0.37913669508364356,"{""hip_position_rotation"": 0.17022144631728942, ""hip_roi_coverage"": 0.015699843959652435}","{""hip_position_rotation"": 0.29021720311003885, ""hip_roi_coverage"": 0.40419806955132653}","{""hip_position_rotation"": {""basis"": ""criterion_threshold"", ""status"": ""pass""}, ""hip_roi_coverage"": {""basis"": ""criterion_threshold"", ""status"": ""pass""}}"
127,0,0,2.25.173731186748227489808861376513577450951,2.25.173731186748227489808861376513577450951/series_002_2_CR/A2507188958 DXA/CR DXA/CR000000.dcm,spine,spine,0,0.10295161096573939,0,,5,counterfactual_learned_axis,0.3008199814731927,"{""spine_artifact"": 0.027860433598647427, ""spine_axis"": 0.0720854977437085, ""spine_coverage"": 0.019101406286696793}","{""spine_artifact"": 0.38327938033878484, ""spine_axis"": 0.24315330313094366, ""spine_coverage"": 0.43776668779050887}","{""spine_artifact"": {""basis"": ""criterion_threshold"", ""status"": ""pass""}, ""spine_axis"": {""basis"": ""counterfactual_learned_axis"", ""clinical_validation"": false, ""status"": ""pass""}, ""spine_coverage"": {""basis"": ""criterion_threshold"", ""status"": ""pass""}}"
128,0,0,2.25.173731186748227489808861376513577450951,2.25.173731186748227489808861376513577450951/series_002_2_CR/A2507188958 DXA/CR DXA/CR000001.dcm,hip_left,hip_left,0,0.49943956370368275,1,Некорректная укладка,5,criterion_failure,0.37913669508364356,"{""hip_position_rotation"": 0.5806827672705682, ""hip_roi_coverage"": 0.13211534713374387}","{""hip_position_rotation"": 0.29021720311003885, ""hip_roi_coverage"": 0.40419806955132653}","{""hip_position_rotation"": {""basis"": ""criterion_threshold"", ""status"": ""fail""}, ""hip_roi_coverage"": {""basis"": ""criterion_threshold"", ""status"": ""pass""}}"
145,0,0,2.25.181196659018348153828200695057897449628,2.25.181196659018348153828200695057897449628/series_004_2_CR/A2507370620 DXA/CR DXA/CR000000.dcm,hip_left,hip_left,0,0.15557760395227452,0,,5,no_detected_violation,0.37913669508364356,"{""hip_position_rotation"": 0.1286936834888361, ""hip_roi_coverage"": 0.025301839908630577}","{""hip_position_rotation"": 0.29021720311003885, ""hip_roi_coverage"": 0.40419806955132653}","{""hip_position_rotation"": {""basis"": ""criterion_threshold"", ""status"": ""pass""}, ""hip_roi_coverage"": {""basis"": ""criterion_threshold"", ""status"": ""pass""}}"
146,0,0,2.25.181196659018348153828200695057897449628,2.25.181196659018348153828200695057897449628/series_004_2_CR/A2507370620 DXA/CR DXA/CR000001.dcm,hip_right,hip_right,0,0.12070888036897144,0,,5,no_detected_violation,0.37913669508364356,"{""hip_position_rotation"": 0.132571507317256, ""hip_roi_coverage"": 0.07348973695166729}","{""hip_position_rotation"": 0.29021720311003885, ""hip_roi_coverage"": 0.40419806955132653}","{""hip_position_rotation"": {""basis"": ""criterion_threshold"", ""status"": ""pass""}, ""hip_roi_coverage"": {""basis"": ""criterion_threshold"", ""status"": ""pass""}}"
147,0,0,2.25.181196659018348153828200695057897449628,2.25.181196659018348153828200695057897449628/series_004_2_CR/A2507370620 DXA/CR DXA/CR000002.dcm,spine,spine,0,0.15533498259325285,0,,5,counterfactual_learned_axis,0.3008199814731927,"{""spine_artifact"": 0.04452162614600327, ""spine_axis"": 0.1212907811734079, ""spine_coverage"": 0.0015762722955940927}","{""spine_artifact"": 0.38327938033878484, ""spine_axis"": 0.24315330313094366, ""spine_coverage"": 0.43776668779050887}","{""spine_artifact"": {""basis"": ""criterion_threshold"", ""status"": ""pass""}, ""spine_axis"": {""basis"": ""counterfactual_learned_axis"", ""clinical_validation"": false, ""status"": ""pass""}, ""spine_coverage"": {""basis"": ""criterion_threshold"", ""status"": ""pass""}}"
165,0,0,2.25.220866240977467582196609708837940253840,2.25.220866240977467582196609708837940253840/series_001_2_CR/A2504258893 DXA/CR DXA/CR000000.dcm,spine,spine,1,0.6176264202880647,1,Не выравнена ось позвоночника,5,counterfactual_learned_axis,0.3008199814731927,"{""spine_artifact"": 0.143547893841909, ""spine_axis"": 0.5191809817723417, ""spine_coverage"": 0.1642282025106366}","{""spine_artifact"": 0.38327938033878484, ""spine_axis"": 0.24315330313094366, ""spine_coverage"": 0.43776668779050887}","{""spine_artifact"": {""basis"": ""criterion_threshold"", ""status"": ""pass""}, ""spine_axis"": {""basis"": ""counterfactual_learned_axis"", ""clinical_validation"": false, ""status"": ""fail""}, ""spine_coverage"": {""basis"": ""criterion_threshold"", ""status"": ""pass""}}"
176,0,0,2.25.272690031744216183651627058502316132741,2.25.272690031744216183651627058502316132741/series_002_2_CR/A2504373414 DXA/CR DXA/CR000000.dcm,hip_right,hip_right,0,0.3041463156089004,0,,5,no_detected_violation,0.37913669508364356,"{""hip_position_rotation"": 0.2220346187175615, ""hip_roi_coverage"": 0.0039408207225594275}","{""hip_position_rotation"": 0.29021720311003885, ""hip_roi_coverage"": 0.40419806955132653}","{""hip_position_rotation"": {""basis"": ""criterion_threshold"", ""status"": ""pass""}, ""hip_roi_coverage"": {""basis"": ""criterion_threshold"", ""status"": ""pass""}}"
177,0,0,2.25.272690031744216183651627058502316132741,2.25.272690031744216183651627058502316132741/series_002_2_CR/A2504373414 DXA/CR DXA/CR000001.dcm,spine,spine,0,0.5765623611023251,1,Некорректная укладка,5,counterfactual_learned_axis,0.3008199814731927,"{""spine_artifact"": 0.05723524700879851, ""spine_axis"": 0.23986311772423488, ""spine_coverage"": 0.5662321738631273}","{""spine_artifact"": 0.38327938033878484, ""spine_axis"": 0.24315330313094366, ""spine_coverage"": 0.43776668779050887}","{""spine_artifact"": {""basis"": ""criterion_threshold"", ""status"": ""pass""}, ""spine_axis"": {""basis"": ""counterfactual_learned_axis"", ""clinical_validation"": false, ""status"": ""pass""}, ""spine_coverage"": {""basis"": ""criterion_threshold"", ""status"": ""fail""}}"
178,0,0,2.25.272690031744216183651627058502316132741,2.25.272690031744216183651627058502316132741/series_002_2_CR/A2504373414 DXA/CR DXA/CR000002.dcm,hip_left,hip_left,1,0.4338889915520834,1,Некорректная укладка,5,criterion_failure,0.37913669508364356,"{""hip_position_rotation"": 0.47911473754529466, ""hip_roi_coverage"": 0.006917324787749579}","{""hip_position_rotation"": 0.29021720311003885, ""hip_roi_coverage"": 0.40419806955132653}","{""hip_position_rotation"": {""basis"": ""criterion_threshold"", ""status"": ""fail""}, ""hip_roi_coverage"": {""basis"": ""criterion_threshold"", ""status"": ""pass""}}"
188,0,0,2.25.29638026465755240167985424461715024381,2.25.29638026465755240167985424461715024381/series_004_3_CR/A2504115579 DXA/CR DXA/CR000000.dcm,hip_right,hip_right,0,0.19906957780404164,0,,5,no_detected_violation,0.37913669508364356,"{""hip_position_rotation"": 0.2886265104788189, ""hip_roi_coverage"": 0.12835988649762814}","{""hip_position_rotation"": 0.29021720311003885, ""hip_roi_coverage"": 0.40419806955132653}","{""hip_position_rotation"": {""basis"": ""criterion_threshold"", ""status"": ""pass""}, ""hip_roi_coverage"": {""basis"": ""criterion_threshold"", ""status"": ""pass""}}"
189,0,0,2.25.29638026465755240167985424461715024381,2.25.29638026465755240167985424461715024381/series_004_3_CR/A2504115579 DXA/CR DXA/CR000001.dcm,spine,spine,1,0.4247568217948768,1,Некорректная укладка,5,counterfactual_learned_axis,0.3008199814731927,"{""spine_artifact"": 0.16098677024397723, ""spine_axis"": 0.07510529817965217, ""spine_coverage"": 0.6250326418388492}","{""spine_artifact"": 0.38327938033878484, ""spine_axis"": 0.24315330313094366, ""spine_coverage"": 0.43776668779050887}","{""spine_artifact"": {""basis"": ""criterion_threshold"", ""status"": ""pass""}, ""spine_axis"": {""basis"": ""counterfactual_learned_axis"", ""clinical_validation"": false, ""status"": ""pass""}, ""spine_coverage"": {""basis"": ""criterion_threshold"", ""status"": ""fail""}}"
190,0,0,2.25.29638026465755240167985424461715024381,2.25.29638026465755240167985424461715024381/series_004_3_CR/A2504115579 DXA/CR DXA/CR000003.dcm,hip_left,hip_left,0,0.270725173078755,1,Некорректная укладка,5,criterion_failure,0.37913669508364356,"{""hip_position_rotation"": 0.33196407745377493, ""hip_roi_coverage"": 0.07836822996673869}","{""hip_position_rotation"": 0.29021720311003885, ""hip_roi_coverage"": 0.40419806955132653}","{""hip_position_rotation"": {""basis"": ""criterion_threshold"", ""status"": ""fail""}, ""hip_roi_coverage"": {""basis"": ""criterion_threshold"", ""status"": ""pass""}}"
206,0,0,2.25.340839477910528898406207279980417945,2.25.340839477910528898406207279980417945/series_001_2_CR/A2504224555 DXA Exam/CR DXA Images/CR000000.dcm,hip_left,hip_left,0,0.3438810045867638,1,Некорректная укладка,5,criterion_failure,0.37913669508364356,"{""hip_position_rotation"": 0.29561826796688, ""hip_roi_coverage"": 0.0026556276585874747}","{""hip_position_rotation"": 0.29021720311003885, ""hip_roi_coverage"": 0.40419806955132653}","{""hip_position_rotation"": {""basis"": ""criterion_threshold"", ""status"": ""fail""}, ""hip_roi_coverage"": {""basis"": ""criterion_threshold"", ""status"": ""pass""}}"
207,0,0,2.25.340839477910528898406207279980417945,2.25.340839477910528898406207279980417945/series_001_2_CR/A2504224555 DXA Exam/CR DXA Images/CR000001.dcm,hip_right,hip_right,0,0.3309773808403948,1,Некорректная укладка,5,criterion_failure,0.37913669508364356,"{""hip_position_rotation"": 0.3201378123080888, ""hip_roi_coverage"": 0.0035782966844925463}","{""hip_position_rotation"": 0.29021720311003885, ""hip_roi_coverage"": 0.40419806955132653}","{""hip_position_rotation"": {""basis"": ""criterion_threshold"", ""status"": ""fail""}, ""hip_roi_coverage"": {""basis"": ""criterion_threshold"", ""status"": ""pass""}}"
208,0,0,2.25.340839477910528898406207279980417945,2.25.340839477910528898406207279980417945/series_001_2_CR/A2504224555 DXA Exam/CR DXA Images/CR000002.dcm,spine,spine,0,0.1061299383240422,0,,5,counterfactual_learned_axis,0.3008199814731927,"{""spine_artifact"": 0.0581386025959356, ""spine_axis"": 0.06337643789269366, ""spine_coverage"": 0.03905167203912375}","{""spine_artifact"": 0.38327938033878484, ""spine_axis"": 0.24315330313094366, ""spine_coverage"": 0.43776668779050887}","{""spine_artifact"": {""basis"": ""criterion_threshold"", ""status"": ""pass""}, ""spine_axis"": {""basis"": ""counterfactual_learned_axis"", ""clinical_validation"": false, ""status"": ""pass""}, ""spine_coverage"": {""basis"": ""criterion_threshold"", ""status"": ""pass""}}"
212,0,0,2.25.39068163399801173920284179500049527111,2.25.39068163399801173920284179500049527111/series_002_2_CR/A2504195842 DXA/CR DXA/CR000000.dcm,hip_right,hip_right,1,0.8002035768468728,1,Некорректная укладка,5,criterion_failure,0.37913669508364356,"{""hip_position_rotation"": 0.8406161142872074, ""hip_roi_coverage"": 0.29515034311674904}","{""hip_position_rotation"": 0.29021720311003885, ""hip_roi_coverage"": 0.40419806955132653}","{""hip_position_rotation"": {""basis"": ""criterion_threshold"", ""status"": ""fail""}, ""hip_roi_coverage"": {""basis"": ""criterion_threshold"", ""status"": ""pass""}}"
213,0,0,2.25.39068163399801173920284179500049527111,2.25.39068163399801173920284179500049527111/series_002_2_CR/A2504195842 DXA/CR DXA/CR000001.dcm,hip_left,hip_left,1,0.7525020419438165,1,Некорректная укладка,5,criterion_failure,0.37913669508364356,"{""hip_position_rotation"": 0.7392468384910559, ""hip_roi_coverage"": 0.23409230910069323}","{""hip_position_rotation"": 0.29021720311003885, ""hip_roi_coverage"": 0.40419806955132653}","{""hip_position_rotation"": {""basis"": ""criterion_threshold"", ""status"": ""fail""}, ""hip_roi_coverage"": {""basis"": ""criterion_threshold"", ""status"": ""pass""}}"
214,0,0,2.25.39068163399801173920284179500049527111,2.25.39068163399801173920284179500049527111/series_002_2_CR/A2504195842 DXA/CR DXA/CR000002.dcm,spine,spine,1,0.2039592115970504,0,,5,counterfactual_learned_axis,0.3008199814731927,"{""spine_artifact"": 0.09009702063711617, ""spine_axis"": 0.11960897422587256, ""spine_coverage"": 0.01155508068293861}","{""spine_artifact"": 0.38327938033878484, ""spine_axis"": 0.24315330313094366, ""spine_coverage"": 0.43776668779050887}","{""spine_artifact"": {""basis"": ""criterion_threshold"", ""status"": ""pass""}, ""spine_axis"": {""basis"": ""counterfactual_learned_axis"", ""clinical_validation"": false, ""status"": ""pass""}, ""spine_coverage"": {""basis"": ""criterion_threshold"", ""status"": ""pass""}}"
223,0,0,2.25.59542620917302828428419211045951914336,2.25.59542620917302828428419211045951914336/series_001_2_CR/A2504303391 DXA/CR DXA/CR000000.dcm,spine,spine,1,0.5533638437984764,1,Присутствуют посторонние предметы,5,counterfactual_learned_axis,0.3008199814731927,"{""spine_artifact"": 0.5302576835555827, ""spine_axis"": 0.07784519033434677, ""spine_coverage"": 0.17190207726165382}","{""spine_artifact"": 0.38327938033878484, ""spine_axis"": 0.24315330313094366, ""spine_coverage"": 0.43776668779050887}","{""spine_artifact"": {""basis"": ""criterion_threshold"", ""status"": ""fail""}, ""spine_axis"": {""basis"": ""counterfactual_learned_axis"", ""clinical_validation"": false, ""status"": ""pass""}, ""spine_coverage"": {""basis"": ""criterion_threshold"", ""status"": ""pass""}}"
224,0,0,2.25.65954778282254353457041255543338557112,2.25.65954778282254353457041255543338557112/series_004_3_CR/A2504246289 DXA/CR DXA/CR000000.dcm,hip_right,hip_right,0,0.11031840939866276,0,,5,no_detected_violation,0.37913669508364356,"{""hip_position_rotation"": 0.11323432531617172, ""hip_roi_coverage"": 0.027173127299983366}","{""hip_position_rotation"": 0.29021720311003885, ""hip_roi_coverage"": 0.40419806955132653}","{""hip_position_rotation"": {""basis"": ""criterion_threshold"", ""status"": ""pass""}, ""hip_roi_coverage"": {""basis"": ""criterion_threshold"", ""status"": ""pass""}}"
225,0,0,2.25.65954778282254353457041255543338557112,2.25.65954778282254353457041255543338557112/series_004_3_CR/A2504246289 DXA/CR DXA/CR000001.dcm,hip_left,hip_left,0,0.10698996935392031,0,,5,no_detected_violation,0.37913669508364356,"{""hip_position_rotation"": 0.16080335048897257, ""hip_roi_coverage"": 0.013048336931135322}","{""hip_position_rotation"": 0.29021720311003885, ""hip_roi_coverage"": 0.40419806955132653}","{""hip_position_rotation"": {""basis"": ""criterion_threshold"", ""status"": ""pass""}, ""hip_roi_coverage"": {""basis"": ""criterion_threshold"", ""status"": ""pass""}}"
226,0,0,2.25.65954778282254353457041255543338557112,2.25.65954778282254353457041255543338557112/series_004_3_CR/A2504246289 DXA/CR DXA/CR000002.dcm,spine,spine,0,0.224229403420679,0,,5,counterfactual_learned_axis,0.3008199814731927,"{""spine_artifact"": 0.20940529116056839, ""spine_axis"": 0.028380389175510983, ""spine_coverage"": 0.034710323585559075}","{""spine_artifact"": 0.38327938033878484, ""spine_axis"": 0.24315330313094366, ""spine_coverage"": 0.43776668779050887}","{""spine_artifact"": {""basis"": ""criterion_threshold"", ""status"": ""pass""}, ""spine_axis"": {""basis"": ""counterfactual_learned_axis"", ""clinical_validation"": false, ""status"": ""pass""}, ""spine_coverage"": {""basis"": ""criterion_threshold"", ""status"": ""pass""}}"
246,0,0,2.25.91981043841368764114007975581101713077,2.25.91981043841368764114007975581101713077/series_003_2_CR/A250496619 DXA/CR DXA/CR000000.dcm,hip_left,hip_left,0,0.21946095998391227,0,,5,no_detected_violation,0.37913669508364356,"{""hip_position_rotation"": 0.23890247654746266, ""hip_roi_coverage"": 0.015783974125270665}","{""hip_position_rotation"": 0.29021720311003885, ""hip_roi_coverage"": 0.40419806955132653}","{""hip_position_rotation"": {""basis"": ""criterion_threshold"", ""status"": ""pass""}, ""hip_roi_coverage"": {""basis"": ""criterion_threshold"", ""status"": ""pass""}}"
247,0,0,2.25.91981043841368764114007975581101713077,2.25.91981043841368764114007975581101713077/series_003_2_CR/A250496619 DXA/CR DXA/CR000002.dcm,hip_right,hip_right,0,0.13305182535906843,0,,5,no_detected_violation,0.37913669508364356,"{""hip_position_rotation"": 0.16050705421162356, ""hip_roi_coverage"": 0.027437138775849385}","{""hip_position_rotation"": 0.29021720311003885, ""hip_roi_coverage"": 0.40419806955132653}","{""hip_position_rotation"": {""basis"": ""criterion_threshold"", ""status"": ""pass""}, ""hip_roi_coverage"": {""basis"": ""criterion_threshold"", ""status"": ""pass""}}"
248,0,0,2.25.91981043841368764114007975581101713077,2.25.91981043841368764114007975581101713077/series_003_2_CR/A250496619 DXA/CR DXA/CR000004.dcm,spine,spine,1,0.12705460501393046,0,,5,counterfactual_learned_axis,0.3008199814731927,"{""spine_artifact"": 0.13232819666201148, ""spine_axis"": 0.041827026504692465, ""spine_coverage"": 0.057603198531863416}","{""spine_artifact"": 0.38327938033878484, ""spine_axis"": 0.24315330313094366, ""spine_coverage"": 0.43776668779050887}","{""spine_artifact"": {""basis"": ""criterion_threshold"", ""status"": ""pass""}, ""spine_axis"": {""basis"": ""counterfactual_learned_axis"", ""clinical_validation"": false, ""status"": ""pass""}, ""spine_coverage"": {""basis"": ""criterion_threshold"", ""status"": ""pass""}}"
12,0,1,2.25.102755089973625799055786462646268820450,2.25.102755089973625799055786462646268820450/series_002_2_CR/A2504257770 DXA/CR DXA/CR000000.dcm,hip_left,hip_left,0,0.5364381810321327,1,,5,binary_only_review,0.3915063391881425,"{""hip_position_rotation"": 0.27132171109794245, ""hip_roi_coverage"": 0.3655559562531108}","{""hip_position_rotation"": 0.4160216899694358, ""hip_roi_coverage"": 0.48411117399772163}","{""hip_position_rotation"": {""basis"": ""criterion_threshold"", ""status"": ""pass""}, ""hip_roi_coverage"": {""basis"": ""criterion_threshold"", ""status"": ""pass""}}"
13,0,1,2.25.102755089973625799055786462646268820450,2.25.102755089973625799055786462646268820450/series_002_2_CR/A2504257770 DXA/CR DXA/CR000001.dcm,spine,spine,1,0.6150811986533024,1,Не выравнена ось позвоночника,5,counterfactual_learned_axis,0.41389761547368975,"{""spine_artifact"": 0.13927124852787884, ""spine_axis"": 0.40151558896683587, ""spine_coverage"": 0.19582639383740275}","{""spine_artifact"": 0.5422639318626201, ""spine_axis"": 0.13634998200940407, ""spine_coverage"": 0.486633673537038}","{""spine_artifact"": {""basis"": ""criterion_threshold"", ""status"": ""pass""}, ""spine_axis"": {""basis"": ""counterfactual_learned_axis"", ""clinical_validation"": false, ""status"": ""fail""}, ""spine_coverage"": {""basis"": ""criterion_threshold"", ""status"": ""pass""}}"
14,0,1,2.25.102755089973625799055786462646268820450,2.25.102755089973625799055786462646268820450/series_002_2_CR/A2504257770 DXA/CR DXA/CR000002.dcm,hip_right,hip_right,1,0.27653960244554526,0,,5,no_detected_violation,0.3915063391881425,"{""hip_position_rotation"": 0.3859824304402686, ""hip_roi_coverage"": 0.05924629499637022}","{""hip_position_rotation"": 0.4160216899694358, ""hip_roi_coverage"": 0.48411117399772163}","{""hip_position_rotation"": {""basis"": ""criterion_threshold"", ""status"": ""pass""}, ""hip_roi_coverage"": {""basis"": ""criterion_threshold"", ""status"": ""pass""}}"
18,0,1,2.25.103868781101960771917584077315578649178,2.25.103868781101960771917584077315578649178/series_001_3_CR/A2507485409 DXA/CR DXA/CR000000.dcm,hip_left,hip_left,0,0.2676723149841227,0,,5,no_detected_violation,0.3915063391881425,"{""hip_position_rotation"": 0.2743115364379553, ""hip_roi_coverage"": 0.0028615111799993004}","{""hip_position_rotation"": 0.4160216899694358, ""hip_roi_coverage"": 0.48411117399772163}","{""hip_position_rotation"": {""basis"": ""criterion_threshold"", ""status"": ""pass""}, ""hip_roi_coverage"": {""basis"": ""criterion_threshold"", ""status"": ""pass""}}"
19,0,1,2.25.103868781101960771917584077315578649178,2.25.103868781101960771917584077315578649178/series_001_3_CR/A2507485409 DXA/CR DXA/CR000001.dcm,hip_right,hip_right,0,0.20963822217193961,0,,5,no_detected_violation,0.3915063391881425,"{""hip_position_rotation"": 0.27874294669525784, ""hip_roi_coverage"": 0.008142644177881943}","{""hip_position_rotation"": 0.4160216899694358, ""hip_roi_coverage"": 0.48411117399772163}","{""hip_position_rotation"": {""basis"": ""criterion_threshold"", ""status"": ""pass""}, ""hip_roi_coverage"": {""basis"": ""criterion_threshold"", ""status"": ""pass""}}"
20,0,1,2.25.103868781101960771917584077315578649178,2.25.103868781101960771917584077315578649178/series_001_3_CR/A2507485409 DXA/CR DXA/CR000002.dcm,spine,spine,0,0.13960228961318186,0,,5,counterfactual_learned_axis,0.41389761547368975,"{""spine_artifact"": 0.18569461796800835, ""spine_axis"": 0.04110952687238389, ""spine_coverage"": 0.01237537589218571}","{""spine_artifact"": 0.5422639318626201, ""spine_axis"": 0.13634998200940407, ""spine_coverage"": 0.486633673537038}","{""spine_artifact"": {""basis"": ""criterion_threshold"", ""status"": ""pass""}, ""spine_axis"": {""basis"": ""counterfactual_learned_axis"", ""clinical_validation"": false, ""status"": ""pass""}, ""spine_coverage"": {""basis"": ""criterion_threshold"", ""status"": ""pass""}}"
37,0,1,2.25.123175695355749859846173904788591707879,2.25.123175695355749859846173904788591707879/series_001_2_CR/A250722449 DXA/CR DXA/CR000000.dcm,spine,spine,0,0.35049064424523046,0,,5,counterfactual_learned_axis,0.41389761547368975,"{""spine_artifact"": 0.42912874116205874, ""spine_axis"": 0.046712428389624416, ""spine_coverage"": 0.051883995756352275}","{""spine_artifact"": 0.5422639318626201, ""spine_axis"": 0.13634998200940407, ""spine_coverage"": 0.486633673537038}","{""spine_artifact"": {""basis"": ""criterion_threshold"", ""status"": ""pass""}, ""spine_axis"": {""basis"": ""counterfactual_learned_axis"", ""clinical_validation"": false, ""status"": ""pass""}, ""spine_coverage"": {""basis"": ""criterion_threshold"", ""status"": ""pass""}}"
49,0,1,2.25.128197189461989832465575162384360009377,2.25.128197189461989832465575162384360009377/series_001_2_CR/A2507216909 DXA/CR DXA/CR000000.dcm,spine,spine,0,0.12184003071968853,0,,5,counterfactual_learned_axis,0.41389761547368975,"{""spine_artifact"": 0.15778562819422118, ""spine_axis"": 0.021381780461589308, ""spine_coverage"": 0.03796615800577096}","{""spine_artifact"": 0.5422639318626201, ""spine_axis"": 0.13634998200940407, ""spine_coverage"": 0.486633673537038}","{""spine_artifact"": {""basis"": ""criterion_threshold"", ""status"": ""pass""}, ""spine_axis"": {""basis"": ""counterfactual_learned_axis"", ""clinical_validation"": false, ""status"": ""pass""}, ""spine_coverage"": {""basis"": ""criterion_threshold"", ""status"": ""pass""}}"
51,0,1,2.25.128990540359421489042453547244535073735,2.25.128990540359421489042453547244535073735/series_002_2_CR/A2507388698 DXA/CR DXA/CR000000.dcm,hip_left,hip_left,1,0.37223159318098414,1,Некорректная укладка,5,criterion_failure,0.3915063391881425,"{""hip_position_rotation"": 0.4266184140912461, ""hip_roi_coverage"": 0.05457825792172041}","{""hip_position_rotation"": 0.4160216899694358, ""hip_roi_coverage"": 0.48411117399772163}","{""hip_position_rotation"": {""basis"": ""criterion_threshold"", ""status"": ""fail""}, ""hip_roi_coverage"": {""basis"": ""criterion_threshold"", ""status"": ""pass""}}"
52,0,1,2.25.128990540359421489042453547244535073735,2.25.128990540359421489042453547244535073735/series_002_2_CR/A2507388698 DXA/CR DXA/CR000001.dcm,spine,spine,1,0.2963110828045738,0,,5,counterfactual_learned_axis,0.41389761547368975,"{""spine_artifact"": 0.14636332827174484, ""spine_axis"": 0.06824977260919997, ""spine_coverage"": 0.30088878023983895}","{""spine_artifact"": 0.5422639318626201, ""spine_axis"": 0.13634998200940407, ""spine_coverage"": 0.486633673537038}","{""spine_artifact"": {""basis"": ""criterion_threshold"", ""status"": ""pass""}, ""spine_axis"": {""basis"": ""counterfactual_learned_axis"", ""clinical_validation"": false, ""status"": ""pass""}, ""spine_coverage"": {""basis"": ""criterion_threshold"", ""status"": ""pass""}}"
53,0,1,2.25.128990540359421489042453547244535073735,2.25.128990540359421489042453547244535073735/series_002_2_CR/A2507388698 DXA/CR DXA/CR000003.dcm,hip_right,hip_right,1,0.5647414300897179,1,Некорректная укладка,5,criterion_failure,0.3915063391881425,"{""hip_position_rotation"": 0.5327798826641749, ""hip_roi_coverage"": 0.29919236775902736}","{""hip_position_rotation"": 0.4160216899694358, ""hip_roi_coverage"": 0.48411117399772163}","{""hip_position_rotation"": {""basis"": ""criterion_threshold"", ""status"": ""fail""}, ""hip_roi_coverage"": {""basis"": ""criterion_threshold"", ""status"": ""pass""}}"
55,0,1,2.25.13069823278093578548407087310307113784,2.25.13069823278093578548407087310307113784/series_003_2_CR/A2507242667 DXA/CR DXA/CR000000.dcm,hip_left,hip_left,1,0.5359445706662134,1,Некорректная область интереса,5,criterion_failure,0.3915063391881425,"{""hip_position_rotation"": 0.2896763310324839, ""hip_roi_coverage"": 0.5832275171499374}","{""hip_position_rotation"": 0.4160216899694358, ""hip_roi_coverage"": 0.48411117399772163}","{""hip_position_rotation"": {""basis"": ""criterion_threshold"", ""status"": ""pass""}, ""hip_roi_coverage"": {""basis"": ""criterion_threshold"", ""status"": ""fail""}}"
56,0,1,2.25.13069823278093578548407087310307113784,2.25.13069823278093578548407087310307113784/series_003_2_CR/A2507242667 DXA/CR DXA/CR000001.dcm,spine,spine,0,0.10609979073932115,0,,5,counterfactual_learned_axis,0.41389761547368975,"{""spine_artifact"": 0.07537550085917902, ""spine_axis"": 0.013281387103060443, ""spine_coverage"": 0.10466789526984077}","{""spine_artifact"": 0.5422639318626201, ""spine_axis"": 0.13634998200940407, ""spine_coverage"": 0.486633673537038}","{""spine_artifact"": {""basis"": ""criterion_threshold"", ""status"": ""pass""}, ""spine_axis"": {""basis"": ""counterfactual_learned_axis"", ""clinical_validation"": false, ""status"": ""pass""}, ""spine_coverage"": {""basis"": ""criterion_threshold"", ""status"": ""pass""}}"
57,0,1,2.25.13069823278093578548407087310307113784,2.25.13069823278093578548407087310307113784/series_003_2_CR/A2507242667 DXA/CR DXA/CR000002.dcm,hip_right,hip_right,1,0.8773183144071216,1,Некорректная укладка;Некорректная область интереса,5,criterion_failure,0.3915063391881425,"{""hip_position_rotation"": 0.857792025892139, ""hip_roi_coverage"": 0.6467144708311565}","{""hip_position_rotation"": 0.4160216899694358, ""hip_roi_coverage"": 0.48411117399772163}","{""hip_position_rotation"": {""basis"": ""criterion_threshold"", ""status"": ""fail""}, ""hip_roi_coverage"": {""basis"": ""criterion_threshold"", ""status"": ""fail""}}"
77,0,1,2.25.13983650679559142983913935144968795415,2.25.13983650679559142983913935144968795415/series_003_2_CR/A2504335111 DXA/CR DXA/CR000000.dcm,spine,spine,0,0.5480589391788333,1,Присутствуют посторонние предметы,5,counterfactual_learned_axis,0.41389761547368975,"{""spine_artifact"": 0.6433379743779424, ""spine_axis"": 0.03507736108439841, ""spine_coverage"": 0.12404478590986397}","{""spine_artifact"": 0.5422639318626201, ""spine_axis"": 0.13634998200940407, ""spine_coverage"": 0.486633673537038}","{""spine_artifact"": {""basis"": ""criterion_threshold"", ""status"": ""fail""}, ""spine_axis"": {""basis"": ""counterfactual_learned_axis"", ""clinical_validation"": false, ""status"": ""pass""}, ""spine_coverage"": {""basis"": ""criterion_threshold"", ""status"": ""pass""}}"
78,0,1,2.25.13983650679559142983913935144968795415,2.25.13983650679559142983913935144968795415/series_003_2_CR/A2504335111 DXA/CR DXA/CR000001.dcm,hip_right,hip_right,0,0.1403333338789763,0,,5,no_detected_violation,0.3915063391881425,"{""hip_position_rotation"": 0.12225761989211263, ""hip_roi_coverage"": 0.02429953859426214}","{""hip_position_rotation"": 0.4160216899694358, ""hip_roi_coverage"": 0.48411117399772163}","{""hip_position_rotation"": {""basis"": ""criterion_threshold"", ""status"": ""pass""}, ""hip_roi_coverage"": {""basis"": ""criterion_threshold"", ""status"": ""pass""}}"
79,0,1,2.25.13983650679559142983913935144968795415,2.25.13983650679559142983913935144968795415/series_003_2_CR/A2504335111 DXA/CR DXA/CR000002.dcm,hip_left,hip_left,0,0.13236521686880975,0,,5,no_detected_violation,0.3915063391881425,"{""hip_position_rotation"": 0.16104888768061063, ""hip_roi_coverage"": 0.03939359407717711}","{""hip_position_rotation"": 0.4160216899694358, ""hip_roi_coverage"": 0.48411117399772163}","{""hip_position_rotation"": {""basis"": ""criterion_threshold"", ""status"": ""pass""}, ""hip_roi_coverage"": {""basis"": ""criterion_threshold"", ""status"": ""pass""}}"
83,0,1,2.25.145848300160680194368420189079847088556,2.25.145848300160680194368420189079847088556/series_002_2_CR/A2504248615 DXA Exam/CR DXA Images/CR000000.dcm,hip_right,hip_right,0,0.3141111422224749,0,,5,no_detected_violation,0.3915063391881425,"{""hip_position_rotation"": 0.323597513122785, ""hip_roi_coverage"": 0.021953262168911608}","{""hip_position_rotation"": 0.4160216899694358, ""hip_roi_coverage"": 0.48411117399772163}","{""hip_position_rotation"": {""basis"": ""criterion_threshold"", ""status"": ""pass""}, ""hip_roi_coverage"": {""basis"": ""criterion_threshold"", ""status"": ""pass""}}"
84,0,1,2.25.145848300160680194368420189079847088556,2.25.145848300160680194368420189079847088556/series_002_2_CR/A2504248615 DXA Exam/CR DXA Images/CR000001.dcm,hip_left,hip_left,1,0.3234494800552497,1,Некорректная укладка,5,criterion_failure,0.3915063391881425,"{""hip_position_rotation"": 0.46605782213150815, ""hip_roi_coverage"": 0.03263389422038211}","{""hip_position_rotation"": 0.4160216899694358, ""hip_roi_coverage"": 0.48411117399772163}","{""hip_position_rotation"": {""basis"": ""criterion_threshold"", ""status"": ""fail""}, ""hip_roi_coverage"": {""basis"": ""criterion_threshold"", ""status"": ""pass""}}"
85,0,1,2.25.145848300160680194368420189079847088556,2.25.145848300160680194368420189079847088556/series_002_2_CR/A2504248615 DXA Exam/CR DXA Images/CR000002.dcm,spine,spine,0,0.20530108668168803,0,,5,counterfactual_learned_axis,0.41389761547368975,"{""spine_artifact"": 0.10869286227481689, ""spine_axis"": 0.05855933957570091, ""spine_coverage"": 0.04394983176791321}","{""spine_artifact"": 0.5422639318626201, ""spine_axis"": 0.13634998200940407, ""spine_coverage"": 0.486633673537038}","{""spine_artifact"": {""basis"": ""criterion_threshold"", ""status"": ""pass""}, ""spine_axis"": {""basis"": ""counterfactual_learned_axis"", ""clinical_validation"": false, ""status"": ""pass""}, ""spine_coverage"": {""basis"": ""criterion_threshold"", ""status"": ""pass""}}"
89,0,1,2.25.156021661584944120526934974594604520993,2.25.156021661584944120526934974594604520993/series_003_2_CR/A2507142228 DXA/CR DXA/CR000000.dcm,spine,spine,0,0.500315383333132,1,Не выравнена ось позвоночника,5,counterfactual_learned_axis,0.41389761547368975,"{""spine_artifact"": 0.13543338858870116, ""spine_axis"": 0.13714784196440832, ""spine_coverage"": 0.3423330107959403}","{""spine_artifact"": 0.5422639318626201, ""spine_axis"": 0.13634998200940407, ""spine_coverage"": 0.486633673537038}","{""spine_artifact"": {""basis"": ""criterion_threshold"", ""status"": ""pass""}, ""spine_axis"": {""basis"": ""counterfactual_learned_axis"", ""clinical_validation"": false, ""status"": ""fail""}, ""spine_coverage"": {""basis"": ""criterion_threshold"", ""status"": ""pass""}}"
90,0,1,2.25.156021661584944120526934974594604520993,2.25.156021661584944120526934974594604520993/series_003_2_CR/A2507142228 DXA/CR DXA/CR000001.dcm,hip_left,hip_left,0,0.26507119012157715,0,,5,no_detected_violation,0.3915063391881425,"{""hip_position_rotation"": 0.33808690719584433, ""hip_roi_coverage"": 0.03387958831187751}","{""hip_position_rotation"": 0.4160216899694358, ""hip_roi_coverage"": 0.48411117399772163}","{""hip_position_rotation"": {""basis"": ""criterion_threshold"", ""status"": ""pass""}, ""hip_roi_coverage"": {""basis"": ""criterion_threshold"", ""status"": ""pass""}}"
91,0,1,2.25.156021661584944120526934974594604520993,2.25.156021661584944120526934974594604520993/series_003_2_CR/A2507142228 DXA/CR DXA/CR000003.dcm,hip_right,hip_right,0,0.0701743537521191,0,,5,no_detected_violation,0.3915063391881425,"{""hip_position_rotation"": 0.05996884912335972, ""hip_roi_coverage"": 0.029751192282160523}","{""hip_position_rotation"": 0.4160216899694358, ""hip_roi_coverage"": 0.48411117399772163}","{""hip_position_rotation"": {""basis"": ""criterion_threshold"", ""status"": ""pass""}, ""hip_roi_coverage"": {""basis"": ""criterion_threshold"", ""status"": ""pass""}}"
101,0,1,2.25.158197739569377798130962967413133224194,2.25.158197739569377798130962967413133224194/series_002_2_CR/A2504245497 DXA/CR DXA/CR000000.dcm,spine,spine,0,0.3019722647771392,0,,5,counterfactual_learned_axis,0.41389761547368975,"{""spine_artifact"": 0.08264846734497834, ""spine_axis"": 0.06330727238562778, ""spine_coverage"": 0.2764084058234757}","{""spine_artifact"": 0.5422639318626201, ""spine_axis"": 0.13634998200940407, ""spine_coverage"": 0.486633673537038}","{""spine_artifact"": {""basis"": ""criterion_threshold"", ""status"": ""pass""}, ""spine_axis"": {""basis"": ""counterfactual_learned_axis"", ""clinical_validation"": false, ""status"": ""pass""}, ""spine_coverage"": {""basis"": ""criterion_threshold"", ""status"": ""pass""}}"
129,0,1,2.25.173753313169335820519632380691065649420,2.25.173753313169335820519632380691065649420/series_003_2_CR/A2504265499 DXA/CR DXA/CR000000.dcm,hip_right,hip_right,1,0.5414790753997932,1,,5,binary_only_review,0.3915063391881425,"{""hip_position_rotation"": 0.3454721275681662, ""hip_roi_coverage"": 0.42453472024528643}","{""hip_position_rotation"": 0.4160216899694358, ""hip_roi_coverage"": 0.48411117399772163}","{""hip_position_rotation"": {""basis"": ""criterion_threshold"", ""status"": ""pass""}, ""hip_roi_coverage"": {""basis"": ""criterion_threshold"", ""status"": ""pass""}}"
130,0,1,2.25.173753313169335820519632380691065649420,2.25.173753313169335820519632380691065649420/series_003_2_CR/A2504265499 DXA/CR DXA/CR000002.dcm,spine,spine,1,0.27526697858045013,0,,5,counterfactual_learned_axis,0.41389761547368975,"{""spine_artifact"": 0.2508498035437913, ""spine_axis"": 0.06482413882689847, ""spine_coverage"": 0.02597911622357386}","{""spine_artifact"": 0.5422639318626201, ""spine_axis"": 0.13634998200940407, ""spine_coverage"": 0.486633673537038}","{""spine_artifact"": {""basis"": ""criterion_threshold"", ""status"": ""pass""}, ""spine_axis"": {""basis"": ""counterfactual_learned_axis"", ""clinical_validation"": false, ""status"": ""pass""}, ""spine_coverage"": {""basis"": ""criterion_threshold"", ""status"": ""pass""}}"
131,0,1,2.25.173753313169335820519632380691065649420,2.25.173753313169335820519632380691065649420/series_003_2_CR/A2504265499 DXA/CR DXA/CR000003.dcm,hip_left,hip_left,0,0.40930876583807946,1,,5,binary_only_review,0.3915063391881425,"{""hip_position_rotation"": 0.3936228906813996, ""hip_roi_coverage"": 0.3312032075009757}","{""hip_position_rotation"": 0.4160216899694358, ""hip_roi_coverage"": 0.48411117399772163}","{""hip_position_rotation"": {""basis"": ""criterion_threshold"", ""status"": ""pass""}, ""hip_roi_coverage"": {""basis"": ""criterion_threshold"", ""status"": ""pass""}}"
135,0,1,2.25.175903805423871105435148927871625232853,2.25.175903805423871105435148927871625232853/series_001_2_CR/A2507159447 DXA/CR DXA/CR000000.dcm,spine,spine,0,0.09529634376378376,0,,5,counterfactual_learned_axis,0.41389761547368975,"{""spine_artifact"": 0.10813669358029958, ""spine_axis"": 0.017828339820830846, ""spine_coverage"": 0.04751280424490025}","{""spine_artifact"": 0.5422639318626201, ""spine_axis"": 0.13634998200940407, ""spine_coverage"": 0.486633673537038}","{""spine_artifact"": {""basis"": ""criterion_threshold"", ""status"": ""pass""}, ""spine_axis"": {""basis"": ""counterfactual_learned_axis"", ""clinical_validation"": false, ""status"": ""pass""}, ""spine_coverage"": {""basis"": ""criterion_threshold"", ""status"": ""pass""}}"
136,0,1,2.25.175903805423871105435148927871625232853,2.25.175903805423871105435148927871625232853/series_001_2_CR/A2507159447 DXA/CR DXA/CR000001.dcm,hip_right,hip_right,0,0.16272464965263564,0,,5,no_detected_violation,0.3915063391881425,"{""hip_position_rotation"": 0.08898261981858417, ""hip_roi_coverage"": 0.085486210823223}","{""hip_position_rotation"": 0.4160216899694358, ""hip_roi_coverage"": 0.48411117399772163}","{""hip_position_rotation"": {""basis"": ""criterion_threshold"", ""status"": ""pass""}, ""hip_roi_coverage"": {""basis"": ""criterion_threshold"", ""status"": ""pass""}}"
137,0,1,2.25.175903805423871105435148927871625232853,2.25.175903805423871105435148927871625232853/series_001_2_CR/A2507159447 DXA/CR DXA/CR000002.dcm,hip_left,hip_left,0,0.2540340808090829,0,,5,no_detected_violation,0.3915063391881425,"{""hip_position_rotation"": 0.2580061620144491, ""hip_roi_coverage"": 0.009071801929217435}","{""hip_position_rotation"": 0.4160216899694358, ""hip_roi_coverage"": 0.48411117399772163}","{""hip_position_rotation"": {""basis"": ""criterion_threshold"", ""status"": ""pass""}, ""hip_roi_coverage"": {""basis"": ""criterion_threshold"", ""status"": ""pass""}}"
141,0,1,2.25.177745077805190810016231350557005569203,2.25.177745077805190810016231350557005569203/series_002_2_CR/A2504273759 DXA/CR DXA/CR000000.dcm,hip_left,hip_left,0,0.7935597496103671,1,Некорректная укладка,5,criterion_failure,0.3915063391881425,"{""hip_position_rotation"": 0.8219622725173817, ""hip_roi_coverage"": 0.34055470996432285}","{""hip_position_rotation"": 0.4160216899694358, ""hip_roi_coverage"": 0.48411117399772163}","{""hip_position_rotation"": {""basis"": ""criterion_threshold"", ""status"": ""fail""}, ""hip_roi_coverage"": {""basis"": ""criterion_threshold"", ""status"": ""pass""}}"
142,0,1,2.25.177745077805190810016231350557005569203,2.25.177745077805190810016231350557005569203/series_002_2_CR/A2504273759 DXA/CR DXA/CR000001.dcm,spine,spine,0,0.44059272108164754,1,,5,counterfactual_learned_axis,0.41389761547368975,"{""spine_artifact"": 0.49716876267414384, ""spine_axis"": 0.0806653548800393, ""spine_coverage"": 0.005563846352250033}","{""spine_artifact"": 0.5422639318626201, ""spine_axis"": 0.13634998200940407, ""spine_coverage"": 0.486633673537038}","{""spine_artifact"": {""basis"": ""criterion_threshold"", ""status"": ""pass""}, ""spine_axis"": {""basis"": ""counterfactual_learned_axis"", ""clinical_validation"": false, ""status"": ""pass""}, ""spine_coverage"": {""basis"": ""criterion_threshold"", ""status"": ""pass""}}"
143,0,1,2.25.177745077805190810016231350557005569203,2.25.177745077805190810016231350557005569203/series_002_2_CR/A2504273759 DXA/CR DXA/CR000004.dcm,hip_right,hip_right,0,0.5411888457052351,1,Некорректная укладка,5,criterion_failure,0.3915063391881425,"{""hip_position_rotation"": 0.6198893345533033, ""hip_roi_coverage"": 0.33171907657184035}","{""hip_position_rotation"": 0.4160216899694358, ""hip_roi_coverage"": 0.48411117399772163}","{""hip_position_rotation"": {""basis"": ""criterion_threshold"", ""status"": ""fail""}, ""hip_roi_coverage"": {""basis"": ""criterion_threshold"", ""status"": ""pass""}}"
162,0,1,2.25.217397325224876728316360420804118329081,2.25.217397325224876728316360420804118329081/series_002_2_CR/A250474631 DXA/CR DXA/CR000000.dcm,hip_left,hip_left,0,0.19927592233269686,0,,5,no_detected_violation,0.3915063391881425,"{""hip_position_rotation"": 0.18622969585867324, ""hip_roi_coverage"": 0.04868592502767346}","{""hip_position_rotation"": 0.4160216899694358, ""hip_roi_coverage"": 0.48411117399772163}","{""hip_position_rotation"": {""basis"": ""criterion_threshold"", ""status"": ""pass""}, ""hip_roi_coverage"": {""basis"": ""criterion_threshold"", ""status"": ""pass""}}"
163,0,1,2.25.217397325224876728316360420804118329081,2.25.217397325224876728316360420804118329081/series_002_2_CR/A250474631 DXA/CR DXA/CR000001.dcm,hip_right,hip_right,0,0.39095875374577077,0,,5,no_detected_violation,0.3915063391881425,"{""hip_position_rotation"": 0.2439464169096851, ""hip_roi_coverage"": 0.18046720596946295}","{""hip_position_rotation"": 0.4160216899694358, ""hip_roi_coverage"": 0.48411117399772163}","{""hip_position_rotation"": {""basis"": ""criterion_threshold"", ""status"": ""pass""}, ""hip_roi_coverage"": {""basis"": ""criterion_threshold"", ""status"": ""pass""}}"
164,0,1,2.25.217397325224876728316360420804118329081,2.25.217397325224876728316360420804118329081/series_002_2_CR/A250474631 DXA/CR DXA/CR000002.dcm,spine,spine,0,0.2726352560238776,0,,5,counterfactual_learned_axis,0.41389761547368975,"{""spine_artifact"": 0.4044691951826209, ""spine_axis"": 0.07660536561547093, ""spine_coverage"": 0.005308819945571104}","{""spine_artifact"": 0.5422639318626201, ""spine_axis"": 0.13634998200940407, ""spine_coverage"": 0.486633673537038}","{""spine_artifact"": {""basis"": ""criterion_threshold"", ""status"": ""pass""}, ""spine_axis"": {""basis"": ""counterfactual_learned_axis"", ""clinical_validation"": false, ""status"": ""pass""}, ""spine_coverage"": {""basis"": ""criterion_threshold"", ""status"": ""pass""}}"
169,0,1,2.25.247714038039430659432048101646401574824,2.25.247714038039430659432048101646401574824/series_002_2_CR/A2504238024 DXA Exam/CR DXA Images/CR000000.dcm,hip_left,hip_left,0,0.17096394524476707,0,,5,no_detected_violation,0.3915063391881425,"{""hip_position_rotation"": 0.13897226729575413, ""hip_roi_coverage"": 0.0014834312806390612}","{""hip_position_rotation"": 0.4160216899694358, ""hip_roi_coverage"": 0.48411117399772163}","{""hip_position_rotation"": {""basis"": ""criterion_threshold"", ""status"": ""pass""}, ""hip_roi_coverage"": {""basis"": ""criterion_threshold"", ""status"": ""pass""}}"
170,0,1,2.25.247714038039430659432048101646401574824,2.25.247714038039430659432048101646401574824/series_002_2_CR/A2504238024 DXA Exam/CR DXA Images/CR000001.dcm,hip_right,hip_right,0,0.24085782932310792,0,,5,no_detected_violation,0.3915063391881425,"{""hip_position_rotation"": 0.23328195120427977, ""hip_roi_coverage"": 0.02970563119565124}","{""hip_position_rotation"": 0.4160216899694358, ""hip_roi_coverage"": 0.48411117399772163}","{""hip_position_rotation"": {""basis"": ""criterion_threshold"", ""status"": ""pass""}, ""hip_roi_coverage"": {""basis"": ""criterion_threshold"", ""status"": ""pass""}}"
171,0,1,2.25.247714038039430659432048101646401574824,2.25.247714038039430659432048101646401574824/series_002_2_CR/A2504238024 DXA Exam/CR DXA Images/CR000002.dcm,spine,spine,1,0.808407950463122,1,Присутствуют посторонние предметы,5,counterfactual_learned_axis,0.41389761547368975,"{""spine_artifact"": 0.8026667206976127, ""spine_axis"": 0.03537568128803887, ""spine_coverage"": 0.3362282164237003}","{""spine_artifact"": 0.5422639318626201, ""spine_axis"": 0.13634998200940407, ""spine_coverage"": 0.486633673537038}","{""spine_artifact"": {""basis"": ""criterion_threshold"", ""status"": ""fail""}, ""spine_axis"": {""basis"": ""counterfactual_learned_axis"", ""clinical_validation"": false, ""status"": ""pass""}, ""spine_coverage"": {""basis"": ""criterion_threshold"", ""status"": ""pass""}}"
179,0,1,2.25.276415754443998872860614500027519740375,2.25.276415754443998872860614500027519740375/series_002_2_CR/A2504387089 DXA/CR DXA/CR000000.dcm,spine,spine,0,0.2897263902578451,0,,5,counterfactual_learned_axis,0.41389761547368975,"{""spine_artifact"": 0.09591998225497972, ""spine_axis"": 0.03332829853305169, ""spine_coverage"": 0.11636615764924167}","{""spine_artifact"": 0.5422639318626201, ""spine_axis"": 0.13634998200940407, ""spine_coverage"": 0.486633673537038}","{""spine_artifact"": {""basis"": ""criterion_threshold"", ""status"": ""pass""}, ""spine_axis"": {""basis"": ""counterfactual_learned_axis"", ""clinical_validation"": false, ""status"": ""pass""}, ""spine_coverage"": {""basis"": ""criterion_threshold"", ""status"": ""pass""}}"
180,0,1,2.25.276415754443998872860614500027519740375,2.25.276415754443998872860614500027519740375/series_002_2_CR/A2504387089 DXA/CR DXA/CR000002.dcm,hip_right,hip_right,0,0.15242824684096998,0,,5,no_detected_violation,0.3915063391881425,"{""hip_position_rotation"": 0.21515514466719873, ""hip_roi_coverage"": 0.008327607904090999}","{""hip_position_rotation"": 0.4160216899694358, ""hip_roi_coverage"": 0.48411117399772163}","{""hip_position_rotation"": {""basis"": ""criterion_threshold"", ""status"": ""pass""}, ""hip_roi_coverage"": {""basis"": ""criterion_threshold"", ""status"": ""pass""}}"
181,0,1,2.25.276415754443998872860614500027519740375,2.25.276415754443998872860614500027519740375/series_002_2_CR/A2504387089 DXA/CR DXA/CR000003.dcm,hip_left,hip_left,0,0.1081659417124919,0,,5,no_detected_violation,0.3915063391881425,"{""hip_position_rotation"": 0.11298316136869768, ""hip_roi_coverage"": 0.007634557219988636}","{""hip_position_rotation"": 0.4160216899694358, ""hip_roi_coverage"": 0.48411117399772163}","{""hip_position_rotation"": {""basis"": ""criterion_threshold"", ""status"": ""pass""}, ""hip_roi_coverage"": {""basis"": ""criterion_threshold"", ""status"": ""pass""}}"
182,0,1,2.25.277752758923974029595977676354128739670,2.25.277752758923974029595977676354128739670/series_002_2_CR/A2504223752 DXA/CR DXA/CR000000.dcm,hip_right,hip_right,0,0.13289225350805792,0,,5,no_detected_violation,0.3915063391881425,"{""hip_position_rotation"": 0.11831402640477727, ""hip_roi_coverage"": 0.06437332431053296}","{""hip_position_rotation"": 0.4160216899694358, ""hip_roi_coverage"": 0.48411117399772163}","{""hip_position_rotation"": {""basis"": ""criterion_threshold"", ""status"": ""pass""}, ""hip_roi_coverage"": {""basis"": ""criterion_threshold"", ""status"": ""pass""}}"
183,0,1,2.25.277752758923974029595977676354128739670,2.25.277752758923974029595977676354128739670/series_002_2_CR/A2504223752 DXA/CR DXA/CR000001.dcm,hip_left,hip_left,1,0.17287533902134142,0,,5,no_detected_violation,0.3915063391881425,"{""hip_position_rotation"": 0.14703702980394445, ""hip_roi_coverage"": 0.1316337153355796}","{""hip_position_rotation"": 0.4160216899694358, ""hip_roi_coverage"": 0.48411117399772163}","{""hip_position_rotation"": {""basis"": ""criterion_threshold"", ""status"": ""pass""}, ""hip_roi_coverage"": {""basis"": ""criterion_threshold"", ""status"": ""pass""}}"
184,0,1,2.25.277752758923974029595977676354128739670,2.25.277752758923974029595977676354128739670/series_002_2_CR/A2504223752 DXA/CR DXA/CR000004.dcm,spine,spine,1,0.5911136111911088,1,Присутствуют посторонние предметы,5,counterfactual_learned_axis,0.41389761547368975,"{""spine_artifact"": 0.6910047536401197, ""spine_axis"": 0.049184757242387446, ""spine_coverage"": 0.04013578579412263}","{""spine_artifact"": 0.5422639318626201, ""spine_axis"": 0.13634998200940407, ""spine_coverage"": 0.486633673537038}","{""spine_artifact"": {""basis"": ""criterion_threshold"", ""status"": ""fail""}, ""spine_axis"": {""basis"": ""counterfactual_learned_axis"", ""clinical_validation"": false, ""status"": ""pass""}, ""spine_coverage"": {""basis"": ""criterion_threshold"", ""status"": ""pass""}}"
191,0,1,2.25.306921081709806079165809721263236241032,2.25.306921081709806079165809721263236241032/series_002_2_CR/A2504381177 DXA/CR DXA/CR000000.dcm,spine,spine,0,0.1744971569299952,0,,5,counterfactual_learned_axis,0.41389761547368975,"{""spine_artifact"": 0.10260975871056403, ""spine_axis"": 0.02477636582736482, ""spine_coverage"": 0.1907064900878639}","{""spine_artifact"": 0.5422639318626201, ""spine_axis"": 0.13634998200940407, ""spine_coverage"": 0.486633673537038}","{""spine_artifact"": {""basis"": ""criterion_threshold"", ""status"": ""pass""}, ""spine_axis"": {""basis"": ""counterfactual_learned_axis"", ""clinical_validation"": false, ""status"": ""pass""}, ""spine_coverage"": {""basis"": ""criterion_threshold"", ""status"": ""pass""}}"
195,0,1,2.25.309085571913348252136520206003694446566,2.25.309085571913348252136520206003694446566/series_002_2_CR/A2504116267 DXA/CR DXA/CR000000.dcm,spine,spine,1,0.29014023735650435,0,,5,counterfactual_learned_axis,0.41389761547368975,"{""spine_artifact"": 0.06684304780904077, ""spine_axis"": 0.1010470712900739, ""spine_coverage"": 0.2188728760056958}","{""spine_artifact"": 0.5422639318626201, ""spine_axis"": 0.13634998200940407, ""spine_coverage"": 0.486633673537038}","{""spine_artifact"": {""basis"": ""criterion_threshold"", ""status"": ""pass""}, ""spine_axis"": {""basis"": ""counterfactual_learned_axis"", ""clinical_validation"": false, ""status"": ""pass""}, ""spine_coverage"": {""basis"": ""criterion_threshold"", ""status"": ""pass""}}"
196,0,1,2.25.309085571913348252136520206003694446566,2.25.309085571913348252136520206003694446566/series_002_2_CR/A2504116267 DXA/CR DXA/CR000001.dcm,hip_left,hip_left,0,0.0691892616760026,0,,5,no_detected_violation,0.3915063391881425,"{""hip_position_rotation"": 0.09661410530761118, ""hip_roi_coverage"": 0.004982069569546899}","{""hip_position_rotation"": 0.4160216899694358, ""hip_roi_coverage"": 0.48411117399772163}","{""hip_position_rotation"": {""basis"": ""criterion_threshold"", ""status"": ""pass""}, ""hip_roi_coverage"": {""basis"": ""criterion_threshold"", ""status"": ""pass""}}"
197,0,1,2.25.309085571913348252136520206003694446566,2.25.309085571913348252136520206003694446566/series_002_2_CR/A2504116267 DXA/CR DXA/CR000002.dcm,hip_right,hip_right,0,0.2414900838438682,0,,5,no_detected_violation,0.3915063391881425,"{""hip_position_rotation"": 0.28969885706267257, ""hip_roi_coverage"": 0.005837611622853191}","{""hip_position_rotation"": 0.4160216899694358, ""hip_roi_coverage"": 0.48411117399772163}","{""hip_position_rotation"": {""basis"": ""criterion_threshold"", ""status"": ""pass""}, ""hip_roi_coverage"": {""basis"": ""criterion_threshold"", ""status"": ""pass""}}"
201,0,1,2.25.322202456901330781765399791024580391565,2.25.322202456901330781765399791024580391565/series_002_2_CR/A2504350020 DXA/CR DXA/CR000000.dcm,spine,spine,0,0.17680350327908276,0,,5,counterfactual_learned_axis,0.41389761547368975,"{""spine_artifact"": 0.20667089488356236, ""spine_axis"": 0.034541077584834774, ""spine_coverage"": 0.01681308915718208}","{""spine_artifact"": 0.5422639318626201, ""spine_axis"": 0.13634998200940407, ""spine_coverage"": 0.486633673537038}","{""spine_artifact"": {""basis"": ""criterion_threshold"", ""status"": ""pass""}, ""spine_axis"": {""basis"": ""counterfactual_learned_axis"", ""clinical_validation"": false, ""status"": ""pass""}, ""spine_coverage"": {""basis"": ""criterion_threshold"", ""status"": ""pass""}}"
227,0,1,2.25.66397484472966116002950503539482860450,2.25.66397484472966116002950503539482860450/series_001_2_CR/A2504194637 DXA/CR DXA/CR000000.dcm,hip_left,hip_left,1,0.8298489939990795,1,Некорректная укладка,5,criterion_failure,0.3915063391881425,"{""hip_position_rotation"": 0.8334739246438266, ""hip_roi_coverage"": 0.2850885379924364}","{""hip_position_rotation"": 0.4160216899694358, ""hip_roi_coverage"": 0.48411117399772163}","{""hip_position_rotation"": {""basis"": ""criterion_threshold"", ""status"": ""fail""}, ""hip_roi_coverage"": {""basis"": ""criterion_threshold"", ""status"": ""pass""}}"
228,0,1,2.25.66397484472966116002950503539482860450,2.25.66397484472966116002950503539482860450/series_001_2_CR/A2504194637 DXA/CR DXA/CR000003.dcm,hip_right,hip_right,1,0.7123449725228362,1,Некорректная укладка,5,criterion_failure,0.3915063391881425,"{""hip_position_rotation"": 0.8089851663753861, ""hip_roi_coverage"": 0.0026682771177688365}","{""hip_position_rotation"": 0.4160216899694358, ""hip_roi_coverage"": 0.48411117399772163}","{""hip_position_rotation"": {""basis"": ""criterion_threshold"", ""status"": ""fail""}, ""hip_roi_coverage"": {""basis"": ""criterion_threshold"", ""status"": ""pass""}}"
229,0,1,2.25.66397484472966116002950503539482860450,2.25.66397484472966116002950503539482860450/series_001_2_CR/A2504194637 DXA/CR DXA/CR000004.dcm,spine,spine,0,0.10177679503476211,0,,5,counterfactual_learned_axis,0.41389761547368975,"{""spine_artifact"": 0.09083163388303013, ""spine_axis"": 0.03556614089110666, ""spine_coverage"": 0.006744818260449744}","{""spine_artifact"": 0.5422639318626201, ""spine_axis"": 0.13634998200940407, ""spine_coverage"": 0.486633673537038}","{""spine_artifact"": {""basis"": ""criterion_threshold"", ""status"": ""pass""}, ""spine_axis"": {""basis"": ""counterfactual_learned_axis"", ""clinical_validation"": false, ""status"": ""pass""}, ""spine_coverage"": {""basis"": ""criterion_threshold"", ""status"": ""pass""}}"
230,0,1,2.25.73070100851377917031356937075051545239,2.25.73070100851377917031356937075051545239/series_002_2_CR/A2504239110 DXA/CR DXA/CR000000.dcm,hip_left,hip_left,1,0.4679618446578376,1,,5,binary_only_review,0.3915063391881425,"{""hip_position_rotation"": 0.30466673249059767, ""hip_roi_coverage"": 0.24732610978038128}","{""hip_position_rotation"": 0.4160216899694358, ""hip_roi_coverage"": 0.48411117399772163}","{""hip_position_rotation"": {""basis"": ""criterion_threshold"", ""status"": ""pass""}, ""hip_roi_coverage"": {""basis"": ""criterion_threshold"", ""status"": ""pass""}}"
231,0,1,2.25.73070100851377917031356937075051545239,2.25.73070100851377917031356937075051545239/series_002_2_CR/A2504239110 DXA/CR DXA/CR000001.dcm,hip_right,hip_right,1,0.5926382951518474,1,,5,binary_only_review,0.3915063391881425,"{""hip_position_rotation"": 0.37615212964325284, ""hip_roi_coverage"": 0.31006991183830096}","{""hip_position_rotation"": 0.4160216899694358, ""hip_roi_coverage"": 0.48411117399772163}","{""hip_position_rotation"": {""basis"": ""criterion_threshold"", ""status"": ""pass""}, ""hip_roi_coverage"": {""basis"": ""criterion_threshold"", ""status"": ""pass""}}"
232,0,1,2.25.73070100851377917031356937075051545239,2.25.73070100851377917031356937075051545239/series_002_2_CR/A2504239110 DXA/CR DXA/CR000002.dcm,spine,spine,1,0.4740213109185176,1,Не выравнена ось позвоночника,5,counterfactual_learned_axis,0.41389761547368975,"{""spine_artifact"": 0.2667348235644959, ""spine_axis"": 0.1853947359917978, ""spine_coverage"": 0.2988724161482883}","{""spine_artifact"": 0.5422639318626201, ""spine_axis"": 0.13634998200940407, ""spine_coverage"": 0.486633673537038}","{""spine_artifact"": {""basis"": ""criterion_threshold"", ""status"": ""pass""}, ""spine_axis"": {""basis"": ""counterfactual_learned_axis"", ""clinical_validation"": false, ""status"": ""fail""}, ""spine_coverage"": {""basis"": ""criterion_threshold"", ""status"": ""pass""}}"
15,0,2,2.25.102965897799404973225419898683246248872,2.25.102965897799404973225419898683246248872/series_001_2_CR/A250726353 DXA/CR DXA/CR000000.dcm,hip_left,hip_left,0,0.3111617197471999,1,Некорректная область интереса,5,criterion_failure,0.5395713785268729,"{""hip_position_rotation"": 0.21001110654994112, ""hip_roi_coverage"": 0.35109231627565207}","{""hip_position_rotation"": 0.3793992939176607, ""hip_roi_coverage"": 0.32737777088968806}","{""hip_position_rotation"": {""basis"": ""criterion_threshold"", ""status"": ""pass""}, ""hip_roi_coverage"": {""basis"": ""criterion_threshold"", ""status"": ""fail""}}"
16,0,2,2.25.102965897799404973225419898683246248872,2.25.102965897799404973225419898683246248872/series_001_2_CR/A250726353 DXA/CR DXA/CR000001.dcm,spine,spine,0,0.4588896228848593,1,Некорректная укладка,5,counterfactual_learned_axis,0.3822281113831808,"{""spine_artifact"": 0.14002692508941658, ""spine_axis"": 0.07503258678191273, ""spine_coverage"": 0.4629447479983307}","{""spine_artifact"": 0.4208860858739957, ""spine_axis"": 0.15117452853268112, ""spine_coverage"": 0.2459872327093841}","{""spine_artifact"": {""basis"": ""criterion_threshold"", ""status"": ""pass""}, ""spine_axis"": {""basis"": ""counterfactual_learned_axis"", ""clinical_validation"": false, ""status"": ""pass""}, ""spine_coverage"": {""basis"": ""criterion_threshold"", ""status"": ""fail""}}"
17,0,2,2.25.102965897799404973225419898683246248872,2.25.102965897799404973225419898683246248872/series_001_2_CR/A250726353 DXA/CR DXA/CR000002.dcm,hip_right,hip_right,0,0.2872170000678243,0,,5,no_detected_violation,0.5395713785268729,"{""hip_position_rotation"": 0.24973084613757002, ""hip_roi_coverage"": 0.06905035375812078}","{""hip_position_rotation"": 0.3793992939176607, ""hip_roi_coverage"": 0.32737777088968806}","{""hip_position_rotation"": {""basis"": ""criterion_threshold"", ""status"": ""pass""}, ""hip_roi_coverage"": {""basis"": ""criterion_threshold"", ""status"": ""pass""}}"
24,0,2,2.25.108537195937431169718850276671337677972,2.25.108537195937431169718850276671337677972/series_002_2_CR/A250479795 DXA/CR DXA/CR000000.dcm,spine,spine,0,0.26349589342323576,0,,5,counterfactual_learned_axis,0.3822281113831808,"{""spine_artifact"": 0.16134385507503718, ""spine_axis"": 0.12711948599958686, ""spine_coverage"": 0.16387877351108096}","{""spine_artifact"": 0.4208860858739957, ""spine_axis"": 0.15117452853268112, ""spine_coverage"": 0.2459872327093841}","{""spine_artifact"": {""basis"": ""criterion_threshold"", ""status"": ""pass""}, ""spine_axis"": {""basis"": ""counterfactual_learned_axis"", ""clinical_validation"": false, ""status"": ""pass""}, ""spine_coverage"": {""basis"": ""criterion_threshold"", ""status"": ""pass""}}"
38,0,2,2.25.124890633326693921702195356152595253940,2.25.124890633326693921702195356152595253940/series_002_2_CR/A2504263153 DXA/CR DXA/CR000000.dcm,spine,spine,0,0.276576966176661,1,Не выравнена ось позвоночника,5,counterfactual_learned_axis,0.3822281113831808,"{""spine_artifact"": 0.045389835993564186, ""spine_axis"": 0.226882969885802, ""spine_coverage"": 0.2358919357294796}","{""spine_artifact"": 0.4208860858739957, ""spine_axis"": 0.15117452853268112, ""spine_coverage"": 0.2459872327093841}","{""spine_artifact"": {""basis"": ""criterion_threshold"", ""status"": ""pass""}, ""spine_axis"": {""basis"": ""counterfactual_learned_axis"", ""clinical_validation"": false, ""status"": ""fail""}, ""spine_coverage"": {""basis"": ""criterion_threshold"", ""status"": ""pass""}}"
39,0,2,2.25.124890633326693921702195356152595253940,2.25.124890633326693921702195356152595253940/series_002_2_CR/A2504263153 DXA/CR DXA/CR000001.dcm,hip_left,hip_left,0,0.19339406448603946,0,,5,no_detected_violation,0.5395713785268729,"{""hip_position_rotation"": 0.22079169647512276, ""hip_roi_coverage"": 0.14811899657980948}","{""hip_position_rotation"": 0.3793992939176607, ""hip_roi_coverage"": 0.32737777088968806}","{""hip_position_rotation"": {""basis"": ""criterion_threshold"", ""status"": ""pass""}, ""hip_roi_coverage"": {""basis"": ""criterion_threshold"", ""status"": ""pass""}}"
40,0,2,2.25.124890633326693921702195356152595253940,2.25.124890633326693921702195356152595253940/series_002_2_CR/A2504263153 DXA/CR DXA/CR000002.dcm,hip_right,hip_right,0,0.18229179428150166,0,,5,no_detected_violation,0.5395713785268729,"{""hip_position_rotation"": 0.27227701360885836, ""hip_roi_coverage"": 0.00728115158665972}","{""hip_position_rotation"": 0.3793992939176607, ""hip_roi_coverage"": 0.32737777088968806}","{""hip_position_rotation"": {""basis"": ""criterion_threshold"", ""status"": ""pass""}, ""hip_roi_coverage"": {""basis"": ""criterion_threshold"", ""status"": ""pass""}}"
54,0,2,2.25.129239680100193368599713239115902740628,2.25.129239680100193368599713239115902740628/series_003_3_CR/A250757345 DXA/CR DXA/CR000000.dcm,hip_left,hip_left,1,0.6145540852771044,1,Некорректная укладка,5,criterion_failure,0.5395713785268729,"{""hip_position_rotation"": 0.659424327474064, ""hip_roi_coverage"": 0.0044793963636665475}","{""hip_position_rotation"": 0.3793992939176607, ""hip_roi_coverage"": 0.32737777088968806}","{""hip_position_rotation"": {""basis"": ""criterion_threshold"", ""status"": ""fail""}, ""hip_roi_coverage"": {""basis"": ""criterion_threshold"", ""status"": ""pass""}}"
64,0,2,2.25.13325817932854000792938662637654885530,2.25.13325817932854000792938662637654885530/series_002_2_CR/A2507365486 DXA/CR DXA/CR000000.dcm,spine,spine,0,0.3226536142272266,1,Не выравнена ось позвоночника,5,counterfactual_learned_axis,0.3822281113831808,"{""spine_artifact"": 0.20067542301375565, ""spine_axis"": 0.1754248746987828, ""spine_coverage"": 0.0035427340625012477}","{""spine_artifact"": 0.4208860858739957, ""spine_axis"": 0.15117452853268112, ""spine_coverage"": 0.2459872327093841}","{""spine_artifact"": {""basis"": ""criterion_threshold"", ""status"": ""pass""}, ""spine_axis"": {""basis"": ""counterfactual_learned_axis"", ""clinical_validation"": false, ""status"": ""fail""}, ""spine_coverage"": {""basis"": ""criterion_threshold"", ""status"": ""pass""}}"
65,0,2,2.25.13325817932854000792938662637654885530,2.25.13325817932854000792938662637654885530/series_002_2_CR/A2507365486 DXA/CR DXA/CR000001.dcm,hip_left,hip_left,1,0.38987560303192054,0,,5,no_detected_violation,0.5395713785268729,"{""hip_position_rotation"": 0.220168109327456, ""hip_roi_coverage"": 0.31066011732100346}","{""hip_position_rotation"": 0.3793992939176607, ""hip_roi_coverage"": 0.32737777088968806}","{""hip_position_rotation"": {""basis"": ""criterion_threshold"", ""status"": ""pass""}, ""hip_roi_coverage"": {""basis"": ""criterion_threshold"", ""status"": ""pass""}}"
66,0,2,2.25.13325817932854000792938662637654885530,2.25.13325817932854000792938662637654885530/series_002_2_CR/A2507365486 DXA/CR DXA/CR000005.dcm,hip_right,hip_right,0,0.49033476329210485,1,Некорректная область интереса,5,criterion_failure,0.5395713785268729,"{""hip_position_rotation"": 0.3168835724594668, ""hip_roi_coverage"": 0.3607884736647429}","{""hip_position_rotation"": 0.3793992939176607, ""hip_roi_coverage"": 0.32737777088968806}","{""hip_position_rotation"": {""basis"": ""criterion_threshold"", ""status"": ""pass""}, ""hip_roi_coverage"": {""basis"": ""criterion_threshold"", ""status"": ""fail""}}"
73,0,2,2.25.137344827330550141320158285144101816664,2.25.137344827330550141320158285144101816664/series_003_3_CR/A2507146630 DXA/CR DXA/CR000000.dcm,spine,spine,0,0.6769246039336579,1,Присутствуют посторонние предметы,5,counterfactual_learned_axis,0.3822281113831808,"{""spine_artifact"": 0.8624308143138503, ""spine_axis"": 0.03103307795904017, ""spine_coverage"": 0.14342309898506447}","{""spine_artifact"": 0.4208860858739957, ""spine_axis"": 0.15117452853268112, ""spine_coverage"": 0.2459872327093841}","{""spine_artifact"": {""basis"": ""criterion_threshold"", ""status"": ""fail""}, ""spine_axis"": {""basis"": ""counterfactual_learned_axis"", ""clinical_validation"": false, ""status"": ""pass""}, ""spine_coverage"": {""basis"": ""criterion_threshold"", ""status"": ""pass""}}"
74,0,2,2.25.137344827330550141320158285144101816664,2.25.137344827330550141320158285144101816664/series_003_3_CR/A2507146630 DXA/CR DXA/CR000001.dcm,hip_left,hip_left,0,0.1731483561894164,0,,5,no_detected_violation,0.5395713785268729,"{""hip_position_rotation"": 0.148087254404753, ""hip_roi_coverage"": 0.02201385857635881}","{""hip_position_rotation"": 0.3793992939176607, ""hip_roi_coverage"": 0.32737777088968806}","{""hip_position_rotation"": {""basis"": ""criterion_threshold"", ""status"": ""pass""}, ""hip_roi_coverage"": {""basis"": ""criterion_threshold"", ""status"": ""pass""}}"
75,0,2,2.25.137344827330550141320158285144101816664,2.25.137344827330550141320158285144101816664/series_003_3_CR/A2507146630 DXA/CR DXA/CR000002.dcm,hip_right,hip_right,0,0.2937180945801544,0,,5,no_detected_violation,0.5395713785268729,"{""hip_position_rotation"": 0.16965734881999786, ""hip_roi_coverage"": 0.25411451343087044}","{""hip_position_rotation"": 0.3793992939176607, ""hip_roi_coverage"": 0.32737777088968806}","{""hip_position_rotation"": {""basis"": ""criterion_threshold"", ""status"": ""pass""}, ""hip_roi_coverage"": {""basis"": ""criterion_threshold"", ""status"": ""pass""}}"
98,0,2,2.25.157462338378550185821790046400986801350,2.25.157462338378550185821790046400986801350/series_001_2_CR/A2507498707 DXA/CR DXA/CR000000.dcm,spine,spine,0,0.2897427077417907,0,,5,counterfactual_learned_axis,0.3822281113831808,"{""spine_artifact"": 0.2931945714333099, ""spine_axis"": 0.1109860137669519, ""spine_coverage"": 0.10219558157494318}","{""spine_artifact"": 0.4208860858739957, ""spine_axis"": 0.15117452853268112, ""spine_coverage"": 0.2459872327093841}","{""spine_artifact"": {""basis"": ""criterion_threshold"", ""status"": ""pass""}, ""spine_axis"": {""basis"": ""counterfactual_learned_axis"", ""clinical_validation"": false, ""status"": ""pass""}, ""spine_coverage"": {""basis"": ""criterion_threshold"", ""status"": ""pass""}}"
99,0,2,2.25.157462338378550185821790046400986801350,2.25.157462338378550185821790046400986801350/series_001_2_CR/A2507498707 DXA/CR DXA/CR000001.dcm,hip_right,hip_right,1,0.44743857241718815,0,,5,no_detected_violation,0.5395713785268729,"{""hip_position_rotation"": 0.3721764094811184, ""hip_roi_coverage"": 0.17373813496045917}","{""hip_position_rotation"": 0.3793992939176607, ""hip_roi_coverage"": 0.32737777088968806}","{""hip_position_rotation"": {""basis"": ""criterion_threshold"", ""status"": ""pass""}, ""hip_roi_coverage"": {""basis"": ""criterion_threshold"", ""status"": ""pass""}}"
100,0,2,2.25.157462338378550185821790046400986801350,2.25.157462338378550185821790046400986801350/series_001_2_CR/A2507498707 DXA/CR DXA/CR000003.dcm,hip_left,hip_left,1,0.42757469990852853,1,Некорректная укладка,5,criterion_failure,0.5395713785268729,"{""hip_position_rotation"": 0.40586525501212956, ""hip_roi_coverage"": 0.2800665326729373}","{""hip_position_rotation"": 0.3793992939176607, ""hip_roi_coverage"": 0.32737777088968806}","{""hip_position_rotation"": {""basis"": ""criterion_threshold"", ""status"": ""fail""}, ""hip_roi_coverage"": {""basis"": ""criterion_threshold"", ""status"": ""pass""}}"
105,0,2,2.25.159930383074323525630608416881201447861,2.25.159930383074323525630608416881201447861/series_002_2_CR/A2507139428 DXA/CR DXA/CR000000.dcm,spine,spine,0,0.2923394436270955,1,Некорректная укладка,5,counterfactual_learned_axis,0.3822281113831808,"{""spine_artifact"": 0.05737815115885988, ""spine_axis"": 0.05380516933225634, ""spine_coverage"": 0.3267014564084694}","{""spine_artifact"": 0.4208860858739957, ""spine_axis"": 0.15117452853268112, ""spine_coverage"": 0.2459872327093841}","{""spine_artifact"": {""basis"": ""criterion_threshold"", ""status"": ""pass""}, ""spine_axis"": {""basis"": ""counterfactual_learned_axis"", ""clinical_validation"": false, ""status"": ""pass""}, ""spine_coverage"": {""basis"": ""criterion_threshold"", ""status"": ""fail""}}"
106,0,2,2.25.164566280810634620154538016595892212884,2.25.164566280810634620154538016595892212884/series_001_2_CR/A2504291878 DXA Exam/CR DXA Images/CR000000.dcm,hip_right,hip_right,1,0.2137412768786229,0,,5,no_detected_violation,0.5395713785268729,"{""hip_position_rotation"": 0.2270663167560001, ""hip_roi_coverage"": 0.0010680752776785936}","{""hip_position_rotation"": 0.3793992939176607, ""hip_roi_coverage"": 0.32737777088968806}","{""hip_position_rotation"": {""basis"": ""criterion_threshold"", ""status"": ""pass""}, ""hip_roi_coverage"": {""basis"": ""criterion_threshold"", ""status"": ""pass""}}"
107,0,2,2.25.164566280810634620154538016595892212884,2.25.164566280810634620154538016595892212884/series_001_2_CR/A2504291878 DXA Exam/CR DXA Images/CR000001.dcm,spine,spine,1,0.46584907773482076,1,Некорректная укладка,5,counterfactual_learned_axis,0.3822281113831808,"{""spine_artifact"": 0.03589771816228199, ""spine_axis"": 0.09521018406984773, ""spine_coverage"": 0.5240382011991173}","{""spine_artifact"": 0.4208860858739957, ""spine_axis"": 0.15117452853268112, ""spine_coverage"": 0.2459872327093841}","{""spine_artifact"": {""basis"": ""criterion_threshold"", ""status"": ""pass""}, ""spine_axis"": {""basis"": ""counterfactual_learned_axis"", ""clinical_validation"": false, ""status"": ""pass""}, ""spine_coverage"": {""basis"": ""criterion_threshold"", ""status"": ""fail""}}"
108,0,2,2.25.164566280810634620154538016595892212884,2.25.164566280810634620154538016595892212884/series_001_2_CR/A2504291878 DXA Exam/CR DXA Images/CR000002.dcm,hip_left,hip_left,0,0.05153775099530072,0,,5,no_detected_violation,0.5395713785268729,"{""hip_position_rotation"": 0.04646142214822523, ""hip_roi_coverage"": 0.00028435060550170287}","{""hip_position_rotation"": 0.3793992939176607, ""hip_roi_coverage"": 0.32737777088968806}","{""hip_position_rotation"": {""basis"": ""criterion_threshold"", ""status"": ""pass""}, ""hip_roi_coverage"": {""basis"": ""criterion_threshold"", ""status"": ""pass""}}"
123,0,2,2.25.169242707068684757906797344800977707240,2.25.169242707068684757906797344800977707240/series_003_2_CR/A2507185832 DXA/CR DXA/CR000000.dcm,spine,spine,0,0.16494177519651423,0,,5,counterfactual_learned_axis,0.3822281113831808,"{""spine_artifact"": 0.26387971684024597, ""spine_axis"": 0.01846383233489708, ""spine_coverage"": 0.017426897558636797}","{""spine_artifact"": 0.4208860858739957, ""spine_axis"": 0.15117452853268112, ""spine_coverage"": 0.2459872327093841}","{""spine_artifact"": {""basis"": ""criterion_threshold"", ""status"": ""pass""}, ""spine_axis"": {""basis"": ""counterfactual_learned_axis"", ""clinical_validation"": false, ""status"": ""pass""}, ""spine_coverage"": {""basis"": ""criterion_threshold"", ""status"": ""pass""}}"
148,0,2,2.25.184198356665635336833172191504278054074,2.25.184198356665635336833172191504278054074/series_004_2_CR/A250788286 DXA/CR DXA/CR000000.dcm,spine,spine,0,0.3374708892365363,1,Не выравнена ось позвоночника,5,counterfactual_learned_axis,0.3822281113831808,"{""spine_artifact"": 0.10160128407219852, ""spine_axis"": 0.18046902553601404, ""spine_coverage"": 0.007490735421578233}","{""spine_artifact"": 0.4208860858739957, ""spine_axis"": 0.15117452853268112, ""spine_coverage"": 0.2459872327093841}","{""spine_artifact"": {""basis"": ""criterion_threshold"", ""status"": ""pass""}, ""spine_axis"": {""basis"": ""counterfactual_learned_axis"", ""clinical_validation"": false, ""status"": ""fail""}, ""spine_coverage"": {""basis"": ""criterion_threshold"", ""status"": ""pass""}}"
149,0,2,2.25.184198356665635336833172191504278054074,2.25.184198356665635336833172191504278054074/series_004_2_CR/A250788286 DXA/CR DXA/CR000001.dcm,hip_left,hip_left,0,0.1211224555329604,0,,5,no_detected_violation,0.5395713785268729,"{""hip_position_rotation"": 0.1660969723856814, ""hip_roi_coverage"": 0.0018172238252646125}","{""hip_position_rotation"": 0.3793992939176607, ""hip_roi_coverage"": 0.32737777088968806}","{""hip_position_rotation"": {""basis"": ""criterion_threshold"", ""status"": ""pass""}, ""hip_roi_coverage"": {""basis"": ""criterion_threshold"", ""status"": ""pass""}}"
150,0,2,2.25.184198356665635336833172191504278054074,2.25.184198356665635336833172191504278054074/series_004_2_CR/A250788286 DXA/CR DXA/CR000002.dcm,hip_right,hip_right,0,0.16698930361074904,0,,5,no_detected_violation,0.5395713785268729,"{""hip_position_rotation"": 0.19030677973979693, ""hip_roi_coverage"": 0.003646576958604627}","{""hip_position_rotation"": 0.3793992939176607, ""hip_roi_coverage"": 0.32737777088968806}","{""hip_position_rotation"": {""basis"": ""criterion_threshold"", ""status"": ""pass""}, ""hip_roi_coverage"": {""basis"": ""criterion_threshold"", ""status"": ""pass""}}"
157,0,2,2.25.190807933410234695931591553323782771995,2.25.190807933410234695931591553323782771995/series_002_3_CR/A250762254 DXA/CR DXA/CR000000.dcm,spine,spine,1,0.6461216848083784,1,Присутствуют посторонние предметы,5,counterfactual_learned_axis,0.3822281113831808,"{""spine_artifact"": 0.8666451889099895, ""spine_axis"": 0.02909293873647992, ""spine_coverage"": 0.12232724001776903}","{""spine_artifact"": 0.4208860858739957, ""spine_axis"": 0.15117452853268112, ""spine_coverage"": 0.2459872327093841}","{""spine_artifact"": {""basis"": ""criterion_threshold"", ""status"": ""fail""}, ""spine_axis"": {""basis"": ""counterfactual_learned_axis"", ""clinical_validation"": false, ""status"": ""pass""}, ""spine_coverage"": {""basis"": ""criterion_threshold"", ""status"": ""pass""}}"
158,0,2,2.25.190807933410234695931591553323782771995,2.25.190807933410234695931591553323782771995/series_002_3_CR/A250762254 DXA/CR DXA/CR000001.dcm,hip_left,hip_left,0,0.11176109749781658,0,,5,no_detected_violation,0.5395713785268729,"{""hip_position_rotation"": 0.13265754049968845, ""hip_roi_coverage"": 0.002660117235374871}","{""hip_position_rotation"": 0.3793992939176607, ""hip_roi_coverage"": 0.32737777088968806}","{""hip_position_rotation"": {""basis"": ""criterion_threshold"", ""status"": ""pass""}, ""hip_roi_coverage"": {""basis"": ""criterion_threshold"", ""status"": ""pass""}}"
185,0,2,2.25.286999464611662854355201599068538813496,2.25.286999464611662854355201599068538813496/series_003_2_CR/A2504223477 DXA/CR DXA/CR000000.dcm,hip_right,hip_right,0,0.25022381571053715,0,,5,no_detected_violation,0.5395713785268729,"{""hip_position_rotation"": 0.17156530462230543, ""hip_roi_coverage"": 0.09314466820891842}","{""hip_position_rotation"": 0.3793992939176607, ""hip_roi_coverage"": 0.32737777088968806}","{""hip_position_rotation"": {""basis"": ""criterion_threshold"", ""status"": ""pass""}, ""hip_roi_coverage"": {""basis"": ""criterion_threshold"", ""status"": ""pass""}}"
186,0,2,2.25.286999464611662854355201599068538813496,2.25.286999464611662854355201599068538813496/series_003_2_CR/A2504223477 DXA/CR DXA/CR000001.dcm,spine,spine,0,0.3567872999110222,1,Некорректная укладка,5,counterfactual_learned_axis,0.3822281113831808,"{""spine_artifact"": 0.1848810474214423, ""spine_axis"": 0.07841864636765829, ""spine_coverage"": 0.3766990103008827}","{""spine_artifact"": 0.4208860858739957, ""spine_axis"": 0.15117452853268112, ""spine_coverage"": 0.2459872327093841}","{""spine_artifact"": {""basis"": ""criterion_threshold"", ""status"": ""pass""}, ""spine_axis"": {""basis"": ""counterfactual_learned_axis"", ""clinical_validation"": false, ""status"": ""pass""}, ""spine_coverage"": {""basis"": ""criterion_threshold"", ""status"": ""fail""}}"
187,0,2,2.25.286999464611662854355201599068538813496,2.25.286999464611662854355201599068538813496/series_003_2_CR/A2504223477 DXA/CR DXA/CR000002.dcm,hip_left,hip_left,0,0.15391014138433734,0,,5,no_detected_violation,0.5395713785268729,"{""hip_position_rotation"": 0.14166048134421522, ""hip_roi_coverage"": 0.12207165472586413}","{""hip_position_rotation"": 0.3793992939176607, ""hip_roi_coverage"": 0.32737777088968806}","{""hip_position_rotation"": {""basis"": ""criterion_threshold"", ""status"": ""pass""}, ""hip_roi_coverage"": {""basis"": ""criterion_threshold"", ""status"": ""pass""}}"
192,0,2,2.25.307021710202910067378603383388989711646,2.25.307021710202910067378603383388989711646/series_004_2_CR/A2504110565 DXA/CR DXA/CR000000.dcm,spine,spine,1,0.49621881885060376,1,Присутствуют посторонние предметы,5,counterfactual_learned_axis,0.3822281113831808,"{""spine_artifact"": 0.6997574550458908, ""spine_axis"": 0.04071354291829915, ""spine_coverage"": 0.04853614611862006}","{""spine_artifact"": 0.4208860858739957, ""spine_axis"": 0.15117452853268112, ""spine_coverage"": 0.2459872327093841}","{""spine_artifact"": {""basis"": ""criterion_threshold"", ""status"": ""fail""}, ""spine_axis"": {""basis"": ""counterfactual_learned_axis"", ""clinical_validation"": false, ""status"": ""pass""}, ""spine_coverage"": {""basis"": ""criterion_threshold"", ""status"": ""pass""}}"
193,0,2,2.25.307021710202910067378603383388989711646,2.25.307021710202910067378603383388989711646/series_004_2_CR/A2504110565 DXA/CR DXA/CR000001.dcm,hip_right,hip_right,0,0.3382285329034003,1,Некорректная укладка,5,criterion_failure,0.5395713785268729,"{""hip_position_rotation"": 0.4472225654008363, ""hip_roi_coverage"": 0.155557607869035}","{""hip_position_rotation"": 0.3793992939176607, ""hip_roi_coverage"": 0.32737777088968806}","{""hip_position_rotation"": {""basis"": ""criterion_threshold"", ""status"": ""fail""}, ""hip_roi_coverage"": {""basis"": ""criterion_threshold"", ""status"": ""pass""}}"
194,0,2,2.25.307021710202910067378603383388989711646,2.25.307021710202910067378603383388989711646/series_004_2_CR/A2504110565 DXA/CR DXA/CR000004.dcm,hip_left,hip_left,0,0.4121345706459057,0,,5,no_detected_violation,0.5395713785268729,"{""hip_position_rotation"": 0.34892537258007117, ""hip_roi_coverage"": 0.1300149067486733}","{""hip_position_rotation"": 0.3793992939176607, ""hip_roi_coverage"": 0.32737777088968806}","{""hip_position_rotation"": {""basis"": ""criterion_threshold"", ""status"": ""pass""}, ""hip_roi_coverage"": {""basis"": ""criterion_threshold"", ""status"": ""pass""}}"
215,0,2,2.25.48906424954135283790354958243772558962,2.25.48906424954135283790354958243772558962/series_001_2_CR/A2504185596 DXA Exam/CR DXA Images/CR000000.dcm,hip_right,hip_right,1,0.216740396806079,0,,5,no_detected_violation,0.5395713785268729,"{""hip_position_rotation"": 0.3008215950281599, ""hip_roi_coverage"": 0.0005207181692241446}","{""hip_position_rotation"": 0.3793992939176607, ""hip_roi_coverage"": 0.32737777088968806}","{""hip_position_rotation"": {""basis"": ""criterion_threshold"", ""status"": ""pass""}, ""hip_roi_coverage"": {""basis"": ""criterion_threshold"", ""status"": ""pass""}}"
216,0,2,2.25.48906424954135283790354958243772558962,2.25.48906424954135283790354958243772558962/series_001_2_CR/A2504185596 DXA Exam/CR DXA Images/CR000001.dcm,hip_left,hip_left,1,0.15221403882397888,0,,5,no_detected_violation,0.5395713785268729,"{""hip_position_rotation"": 0.22927788310208166, ""hip_roi_coverage"": 0.00036976469622237914}","{""hip_position_rotation"": 0.3793992939176607, ""hip_roi_coverage"": 0.32737777088968806}","{""hip_position_rotation"": {""basis"": ""criterion_threshold"", ""status"": ""pass""}, ""hip_roi_coverage"": {""basis"": ""criterion_threshold"", ""status"": ""pass""}}"
217,0,2,2.25.48906424954135283790354958243772558962,2.25.48906424954135283790354958243772558962/series_001_2_CR/A2504185596 DXA Exam/CR DXA Images/CR000002.dcm,spine,spine,1,0.5846498534553306,1,Присутствуют посторонние предметы;Не выравнена ось позвоночника,5,counterfactual_learned_axis,0.3822281113831808,"{""spine_artifact"": 0.811664604571709, ""spine_axis"": 0.18694439962645779, ""spine_coverage"": 0.04860131508011306}","{""spine_artifact"": 0.4208860858739957, ""spine_axis"": 0.15117452853268112, ""spine_coverage"": 0.2459872327093841}","{""spine_artifact"": {""basis"": ""criterion_threshold"", ""status"": ""fail""}, ""spine_axis"": {""basis"": ""counterfactual_learned_axis"", ""clinical_validation"": false, ""status"": ""fail""}, ""spine_coverage"": {""basis"": ""criterion_threshold"", ""status"": ""pass""}}"
219,0,2,2.25.52982400970721161435951723390541696819,2.25.52982400970721161435951723390541696819/series_001_2_CR/A2504331065 DXA/CR DXA/CR000000.dcm,hip_right,hip_right,0,0.17252402374931908,0,,5,no_detected_violation,0.5395713785268729,"{""hip_position_rotation"": 0.17972025199858707, ""hip_roi_coverage"": 0.012841848474328343}","{""hip_position_rotation"": 0.3793992939176607, ""hip_roi_coverage"": 0.32737777088968806}","{""hip_position_rotation"": {""basis"": ""criterion_threshold"", ""status"": ""pass""}, ""hip_roi_coverage"": {""basis"": ""criterion_threshold"", ""status"": ""pass""}}"
220,0,2,2.25.52982400970721161435951723390541696819,2.25.52982400970721161435951723390541696819/series_001_2_CR/A2504331065 DXA/CR DXA/CR000001.dcm,hip_left,hip_left,0,0.1721947195303651,0,,5,no_detected_violation,0.5395713785268729,"{""hip_position_rotation"": 0.2759096447431478, ""hip_roi_coverage"": 0.013283137683180742}","{""hip_position_rotation"": 0.3793992939176607, ""hip_roi_coverage"": 0.32737777088968806}","{""hip_position_rotation"": {""basis"": ""criterion_threshold"", ""status"": ""pass""}, ""hip_roi_coverage"": {""basis"": ""criterion_threshold"", ""status"": ""pass""}}"
221,0,2,2.25.52982400970721161435951723390541696819,2.25.52982400970721161435951723390541696819/series_001_2_CR/A2504331065 DXA/CR DXA/CR000002.dcm,spine,spine,1,0.7482428738277455,1,Некорректная укладка,5,counterfactual_learned_axis,0.3822281113831808,"{""spine_artifact"": 0.3082063795803937, ""spine_axis"": 0.04971600152535294, ""spine_coverage"": 0.7999288382811397}","{""spine_artifact"": 0.4208860858739957, ""spine_axis"": 0.15117452853268112, ""spine_coverage"": 0.2459872327093841}","{""spine_artifact"": {""basis"": ""criterion_threshold"", ""status"": ""pass""}, ""spine_axis"": {""basis"": ""counterfactual_learned_axis"", ""clinical_validation"": false, ""status"": ""pass""}, ""spine_coverage"": {""basis"": ""criterion_threshold"", ""status"": ""fail""}}"
236,0,2,2.25.78999454687125053757525542837745968726,2.25.78999454687125053757525542837745968726/series_004_3_CR/A2504222617 DXA/CR DXA/CR000000.dcm,hip_left,hip_left,1,0.34230604563146566,0,,5,no_detected_violation,0.5395713785268729,"{""hip_position_rotation"": 0.34395967458827426, ""hip_roi_coverage"": 0.057339512759530385}","{""hip_position_rotation"": 0.3793992939176607, ""hip_roi_coverage"": 0.32737777088968806}","{""hip_position_rotation"": {""basis"": ""criterion_threshold"", ""status"": ""pass""}, ""hip_roi_coverage"": {""basis"": ""criterion_threshold"", ""status"": ""pass""}}"
237,0,2,2.25.78999454687125053757525542837745968726,2.25.78999454687125053757525542837745968726/series_004_3_CR/A2504222617 DXA/CR DXA/CR000001.dcm,hip_right,hip_right,1,0.5203393574110623,1,Некорректная укладка,5,criterion_failure,0.5395713785268729,"{""hip_position_rotation"": 0.6190176155688006, ""hip_roi_coverage"": 0.07156842406194049}","{""hip_position_rotation"": 0.3793992939176607, ""hip_roi_coverage"": 0.32737777088968806}","{""hip_position_rotation"": {""basis"": ""criterion_threshold"", ""status"": ""fail""}, ""hip_roi_coverage"": {""basis"": ""criterion_threshold"", ""status"": ""pass""}}"
238,0,2,2.25.78999454687125053757525542837745968726,2.25.78999454687125053757525542837745968726/series_004_3_CR/A2504222617 DXA/CR DXA/CR000002.dcm,spine,spine,0,0.39725362736966874,1,Не выравнена ось позвоночника,5,counterfactual_learned_axis,0.3822281113831808,"{""spine_artifact"": 0.23702232468949538, ""spine_axis"": 0.19320209181158196, ""spine_coverage"": 0.020307126543909884}","{""spine_artifact"": 0.4208860858739957, ""spine_axis"": 0.15117452853268112, ""spine_coverage"": 0.2459872327093841}","{""spine_artifact"": {""basis"": ""criterion_threshold"", ""status"": ""pass""}, ""spine_axis"": {""basis"": ""counterfactual_learned_axis"", ""clinical_validation"": false, ""status"": ""fail""}, ""spine_coverage"": {""basis"": ""criterion_threshold"", ""status"": ""pass""}}"
242,0,2,2.25.87718478011637131470224319788530286374,2.25.87718478011637131470224319788530286374/series_002_2_CR/A2504337993 DXA/CR DXA/CR000000.dcm,spine,spine,0,0.26748081217987535,1,Некорректная укладка,5,counterfactual_learned_axis,0.3822281113831808,"{""spine_artifact"": 0.0685941343712691, ""spine_axis"": 0.05400478483826404, ""spine_coverage"": 0.34175409056240147}","{""spine_artifact"": 0.4208860858739957, ""spine_axis"": 0.15117452853268112, ""spine_coverage"": 0.2459872327093841}","{""spine_artifact"": {""basis"": ""criterion_threshold"", ""status"": ""pass""}, ""spine_axis"": {""basis"": ""counterfactual_learned_axis"", ""clinical_validation"": false, ""status"": ""pass""}, ""spine_coverage"": {""basis"": ""criterion_threshold"", ""status"": ""fail""}}"
9,0,3,2.25.10245777060263212829333021434108890537,2.25.10245777060263212829333021434108890537/series_003_2_CR/A2504412435 DXA/CR DXA/CR000000.dcm,hip_right,hip_right,0,0.24498261580415623,0,,5,no_detected_violation,0.3368477173039882,"{""hip_position_rotation"": 0.41461623025155614, ""hip_roi_coverage"": 0.040991091537662484}","{""hip_position_rotation"": 0.44995675522806733, ""hip_roi_coverage"": 0.3914389387214523}","{""hip_position_rotation"": {""basis"": ""criterion_threshold"", ""status"": ""pass""}, ""hip_roi_coverage"": {""basis"": ""criterion_threshold"", ""status"": ""pass""}}"
10,0,3,2.25.10245777060263212829333021434108890537,2.25.10245777060263212829333021434108890537/series_003_2_CR/A2504412435 DXA/CR DXA/CR000001.dcm,spine,spine,0,0.11699917936638798,0,,5,counterfactual_learned_axis,0.3696205772092579,"{""spine_artifact"": 0.09243199741990411, ""spine_axis"": 0.045155848095084196, ""spine_coverage"": 0.010864623566007982}","{""spine_artifact"": 0.48521727004851445, ""spine_axis"": 0.3600575212816334, ""spine_coverage"": 0.5047295410919221}","{""spine_artifact"": {""basis"": ""criterion_threshold"", ""status"": ""pass""}, ""spine_axis"": {""basis"": ""counterfactual_learned_axis"", ""clinical_validation"": false, ""status"": ""pass""}, ""spine_coverage"": {""basis"": ""criterion_threshold"", ""status"": ""pass""}}"
11,0,3,2.25.10245777060263212829333021434108890537,2.25.10245777060263212829333021434108890537/series_003_2_CR/A2504412435 DXA/CR DXA/CR000002.dcm,hip_left,hip_left,0,0.2257907536218572,0,,5,no_detected_violation,0.3368477173039882,"{""hip_position_rotation"": 0.28453141901207196, ""hip_roi_coverage"": 0.04627759218370767}","{""hip_position_rotation"": 0.44995675522806733, ""hip_roi_coverage"": 0.3914389387214523}","{""hip_position_rotation"": {""basis"": ""criterion_threshold"", ""status"": ""pass""}, ""hip_roi_coverage"": {""basis"": ""criterion_threshold"", ""status"": ""pass""}}"
25,0,3,2.25.11175860580562939441493697221497597640,2.25.11175860580562939441493697221497597640/series_003_2_CR/A2507431060 DXA/CR DXA/CR000001.dcm,spine,spine,1,0.6347681043743988,1,Присутствуют посторонние предметы,5,counterfactual_learned_axis,0.3696205772092579,"{""spine_artifact"": 0.5523411746337822, ""spine_axis"": 0.043176674412352824, ""spine_coverage"": 0.20217090716363706}","{""spine_artifact"": 0.48521727004851445, ""spine_axis"": 0.3600575212816334, ""spine_coverage"": 0.5047295410919221}","{""spine_artifact"": {""basis"": ""criterion_threshold"", ""status"": ""fail""}, ""spine_axis"": {""basis"": ""counterfactual_learned_axis"", ""clinical_validation"": false, ""status"": ""pass""}, ""spine_coverage"": {""basis"": ""criterion_threshold"", ""status"": ""pass""}}"
26,0,3,2.25.11175860580562939441493697221497597640,2.25.11175860580562939441493697221497597640/series_003_2_CR/A2507431060 DXA/CR DXA/CR000002.dcm,hip_left,hip_left,0,0.06804551985287237,0,,5,no_detected_violation,0.3368477173039882,"{""hip_position_rotation"": 0.14399971847290075, ""hip_roi_coverage"": 0.009346424820376944}","{""hip_position_rotation"": 0.44995675522806733, ""hip_roi_coverage"": 0.3914389387214523}","{""hip_position_rotation"": {""basis"": ""criterion_threshold"", ""status"": ""pass""}, ""hip_roi_coverage"": {""basis"": ""criterion_threshold"", ""status"": ""pass""}}"
28,0,3,2.25.114887542067602662452692698814728642117,2.25.114887542067602662452692698814728642117/series_001_2_CR/A2504131887 DXA/CR DXA/CR000000.dcm,hip_right,hip_right,1,0.49207152624378553,1,Некорректная укладка,5,criterion_failure,0.3368477173039882,"{""hip_position_rotation"": 0.5228929602659743, ""hip_roi_coverage"": 0.004716803692425057}","{""hip_position_rotation"": 0.44995675522806733, ""hip_roi_coverage"": 0.3914389387214523}","{""hip_position_rotation"": {""basis"": ""criterion_threshold"", ""status"": ""fail""}, ""hip_roi_coverage"": {""basis"": ""criterion_threshold"", ""status"": ""pass""}}"
29,0,3,2.25.114887542067602662452692698814728642117,2.25.114887542067602662452692698814728642117/series_001_2_CR/A2504131887 DXA/CR DXA/CR000001.dcm,hip_left,hip_left,1,0.16407519345971802,0,,5,no_detected_violation,0.3368477173039882,"{""hip_position_rotation"": 0.26161260415664106, ""hip_roi_coverage"": 0.005270840259168116}","{""hip_position_rotation"": 0.44995675522806733, ""hip_roi_coverage"": 0.3914389387214523}","{""hip_position_rotation"": {""basis"": ""criterion_threshold"", ""status"": ""pass""}, ""hip_roi_coverage"": {""basis"": ""criterion_threshold"", ""status"": ""pass""}}"
30,0,3,2.25.114887542067602662452692698814728642117,2.25.114887542067602662452692698814728642117/series_001_2_CR/A2504131887 DXA/CR DXA/CR000004.dcm,spine,spine,1,0.18906801604698806,0,,5,counterfactual_learned_axis,0.3696205772092579,"{""spine_artifact"": 0.2523821018156654, ""spine_axis"": 0.04692535516238137, ""spine_coverage"": 0.031098859064864995}","{""spine_artifact"": 0.48521727004851445, ""spine_axis"": 0.3600575212816334, ""spine_coverage"": 0.5047295410919221}","{""spine_artifact"": {""basis"": ""criterion_threshold"", ""status"": ""pass""}, ""spine_axis"": {""basis"": ""counterfactual_learned_axis"", ""clinical_validation"": false, ""status"": ""pass""}, ""spine_coverage"": {""basis"": ""criterion_threshold"", ""status"": ""pass""}}"
34,0,3,2.25.122446767306607067205618235949445789306,2.25.122446767306607067205618235949445789306/series_001_2_CR/A2504255080 DXA/CR DXA/CR000000.dcm,hip_right,hip_right,1,0.5909270024442586,1,Некорректная область интереса,5,criterion_failure,0.3368477173039882,"{""hip_position_rotation"": 0.39142815463985864, ""hip_roi_coverage"": 0.5101945676069876}","{""hip_position_rotation"": 0.44995675522806733, ""hip_roi_coverage"": 0.3914389387214523}","{""hip_position_rotation"": {""basis"": ""criterion_threshold"", ""status"": ""pass""}, ""hip_roi_coverage"": {""basis"": ""criterion_threshold"", ""status"": ""fail""}}"
35,0,3,2.25.122446767306607067205618235949445789306,2.25.122446767306607067205618235949445789306/series_001_2_CR/A2504255080 DXA/CR DXA/CR000001.dcm,hip_left,hip_left,1,0.3706418401575368,1,,5,binary_only_review,0.3368477173039882,"{""hip_position_rotation"": 0.26297632368346485, ""hip_roi_coverage"": 0.21487394739783516}","{""hip_position_rotation"": 0.44995675522806733, ""hip_roi_coverage"": 0.3914389387214523}","{""hip_position_rotation"": {""basis"": ""criterion_threshold"", ""status"": ""pass""}, ""hip_roi_coverage"": {""basis"": ""criterion_threshold"", ""status"": ""pass""}}"
36,0,3,2.25.122446767306607067205618235949445789306,2.25.122446767306607067205618235949445789306/series_001_2_CR/A2504255080 DXA/CR DXA/CR000002.dcm,spine,spine,0,0.32645009143187304,0,,5,counterfactual_learned_axis,0.3696205772092579,"{""spine_artifact"": 0.1526032186271401, ""spine_axis"": 0.0643277486997726, ""spine_coverage"": 0.1881027221558359}","{""spine_artifact"": 0.48521727004851445, ""spine_axis"": 0.3600575212816334, ""spine_coverage"": 0.5047295410919221}","{""spine_artifact"": {""basis"": ""criterion_threshold"", ""status"": ""pass""}, ""spine_axis"": {""basis"": ""counterfactual_learned_axis"", ""clinical_validation"": false, ""status"": ""pass""}, ""spine_coverage"": {""basis"": ""criterion_threshold"", ""status"": ""pass""}}"
41,0,3,2.25.125521310320333648427417313254965624364,2.25.125521310320333648427417313254965624364/series_001_2_CR/A250444126 DXA/CR DXA/CR000000.dcm,spine,spine,1,0.6408511796521053,1,Некорректная укладка,5,counterfactual_learned_axis,0.3696205772092579,"{""spine_artifact"": 0.05020324205953395, ""spine_axis"": 0.19470159450063754, ""spine_coverage"": 0.5820206558072684}","{""spine_artifact"": 0.48521727004851445, ""spine_axis"": 0.3600575212816334, ""spine_coverage"": 0.5047295410919221}","{""spine_artifact"": {""basis"": ""criterion_threshold"", ""status"": ""pass""}, ""spine_axis"": {""basis"": ""counterfactual_learned_axis"", ""clinical_validation"": false, ""status"": ""pass""}, ""spine_coverage"": {""basis"": ""criterion_threshold"", ""status"": ""fail""}}"
61,0,3,2.25.132272637351979990811754009849547633391,2.25.132272637351979990811754009849547633391/series_003_3_CR/A2504141080 DXA/CR DXA/CR000000.dcm,hip_left,hip_left,0,0.3023026029324383,0,,5,no_detected_violation,0.3368477173039882,"{""hip_position_rotation"": 0.3548531361205869, ""hip_roi_coverage"": 0.05808000189820556}","{""hip_position_rotation"": 0.44995675522806733, ""hip_roi_coverage"": 0.3914389387214523}","{""hip_position_rotation"": {""basis"": ""criterion_threshold"", ""status"": ""pass""}, ""hip_roi_coverage"": {""basis"": ""criterion_threshold"", ""status"": ""pass""}}"
62,0,3,2.25.132272637351979990811754009849547633391,2.25.132272637351979990811754009849547633391/series_003_3_CR/A2504141080 DXA/CR DXA/CR000001.dcm,hip_right,hip_right,0,0.21233300015837328,0,,5,no_detected_violation,0.3368477173039882,"{""hip_position_rotation"": 0.2710323113600075, ""hip_roi_coverage"": 0.035929934271306425}","{""hip_position_rotation"": 0.44995675522806733, ""hip_roi_coverage"": 0.3914389387214523}","{""hip_position_rotation"": {""basis"": ""criterion_threshold"", ""status"": ""pass""}, ""hip_roi_coverage"": {""basis"": ""criterion_threshold"", ""status"": ""pass""}}"
63,0,3,2.25.132272637351979990811754009849547633391,2.25.132272637351979990811754009849547633391/series_003_3_CR/A2504141080 DXA/CR DXA/CR000002.dcm,spine,spine,0,0.8061252977086678,1,Присутствуют посторонние предметы,5,counterfactual_learned_axis,0.3696205772092579,"{""spine_artifact"": 0.5730867881371831, ""spine_axis"": 0.33707702110335025, ""spine_coverage"": 0.1307693449799499}","{""spine_artifact"": 0.48521727004851445, ""spine_axis"": 0.3600575212816334, ""spine_coverage"": 0.5047295410919221}","{""spine_artifact"": {""basis"": ""criterion_threshold"", ""status"": ""fail""}, ""spine_axis"": {""basis"": ""counterfactual_learned_axis"", ""clinical_validation"": false, ""status"": ""pass""}, ""spine_coverage"": {""basis"": ""criterion_threshold"", ""status"": ""pass""}}"
72,0,3,2.25.13566237352084812982996047541944701548,2.25.13566237352084812982996047541944701548/series_002_2_CR/A2504268931 DXA/CR DXA/CR000000.dcm,spine,spine,0,0.1942612512261456,0,,5,counterfactual_learned_axis,0.3696205772092579,"{""spine_artifact"": 0.246061804433518, ""spine_axis"": 0.04615515444468941, ""spine_coverage"": 0.04380021440745883}","{""spine_artifact"": 0.48521727004851445, ""spine_axis"": 0.3600575212816334, ""spine_coverage"": 0.5047295410919221}","{""spine_artifact"": {""basis"": ""criterion_threshold"", ""status"": ""pass""}, ""spine_axis"": {""basis"": ""counterfactual_learned_axis"", ""clinical_validation"": false, ""status"": ""pass""}, ""spine_coverage"": {""basis"": ""criterion_threshold"", ""status"": ""pass""}}"
76,0,3,2.25.137675513852774974135210999345676405116,2.25.137675513852774974135210999345676405116/series_001_2_CR/A2504106597 DXA/CR DXA/CR000000.dcm,spine,spine,0,0.2488714613165619,0,,5,counterfactual_learned_axis,0.3696205772092579,"{""spine_artifact"": 0.14332537436152734, ""spine_axis"": 0.07548354912804568, ""spine_coverage"": 0.19366841220208886}","{""spine_artifact"": 0.48521727004851445, ""spine_axis"": 0.3600575212816334, ""spine_coverage"": 0.5047295410919221}","{""spine_artifact"": {""basis"": ""criterion_threshold"", ""status"": ""pass""}, ""spine_axis"": {""basis"": ""counterfactual_learned_axis"", ""clinical_validation"": false, ""status"": ""pass""}, ""spine_coverage"": {""basis"": ""criterion_threshold"", ""status"": ""pass""}}"
86,0,3,2.25.151186844055172005615813066162721550889,2.25.151186844055172005615813066162721550889/series_002_2_CR/A250436130 DXA/CR DXA/CR000000.dcm,spine,spine,0,0.2378345689470013,0,,5,counterfactual_learned_axis,0.3696205772092579,"{""spine_artifact"": 0.16197382130316806, ""spine_axis"": 0.07780957675221545, ""spine_coverage"": 0.026323582860741417}","{""spine_artifact"": 0.48521727004851445, ""spine_axis"": 0.3600575212816334, ""spine_coverage"": 0.5047295410919221}","{""spine_artifact"": {""basis"": ""criterion_threshold"", ""status"": ""pass""}, ""spine_axis"": {""basis"": ""counterfactual_learned_axis"", ""clinical_validation"": false, ""status"": ""pass""}, ""spine_coverage"": {""basis"": ""criterion_threshold"", ""status"": ""pass""}}"
87,0,3,2.25.151186844055172005615813066162721550889,2.25.151186844055172005615813066162721550889/series_002_2_CR/A250436130 DXA/CR DXA/CR000001.dcm,hip_left,hip_left,0,0.21487243325080352,0,,5,no_detected_violation,0.3368477173039882,"{""hip_position_rotation"": 0.27405645490080965, ""hip_roi_coverage"": 0.00904926556101955}","{""hip_position_rotation"": 0.44995675522806733, ""hip_roi_coverage"": 0.3914389387214523}","{""hip_position_rotation"": {""basis"": ""criterion_threshold"", ""status"": ""pass""}, ""hip_roi_coverage"": {""basis"": ""criterion_threshold"", ""status"": ""pass""}}"
88,0,3,2.25.151186844055172005615813066162721550889,2.25.151186844055172005615813066162721550889/series_002_2_CR/A250436130 DXA/CR DXA/CR000002.dcm,hip_right,hip_right,0,0.4552033581398522,1,Некорректная укладка,5,criterion_failure,0.3368477173039882,"{""hip_position_rotation"": 0.45224648245111326, ""hip_roi_coverage"": 0.03235073759101955}","{""hip_position_rotation"": 0.44995675522806733, ""hip_roi_coverage"": 0.3914389387214523}","{""hip_position_rotation"": {""basis"": ""criterion_threshold"", ""status"": ""fail""}, ""hip_roi_coverage"": {""basis"": ""criterion_threshold"", ""status"": ""pass""}}"
109,0,3,2.25.165091430504580219034019815337441064349,2.25.165091430504580219034019815337441064349/series_001_2_CR/A2504415443 DXA/CR DXA/CR000000.dcm,hip_right,hip_right,0,0.5224082921541734,1,,5,binary_only_review,0.3368477173039882,"{""hip_position_rotation"": 0.26669904911490744, ""hip_roi_coverage"": 0.3864755515474279}","{""hip_position_rotation"": 0.44995675522806733, ""hip_roi_coverage"": 0.3914389387214523}","{""hip_position_rotation"": {""basis"": ""criterion_threshold"", ""status"": ""pass""}, ""hip_roi_coverage"": {""basis"": ""criterion_threshold"", ""status"": ""pass""}}"
110,0,3,2.25.165091430504580219034019815337441064349,2.25.165091430504580219034019815337441064349/series_001_2_CR/A2504415443 DXA/CR DXA/CR000001.dcm,hip_left,hip_left,1,0.32667033961608566,0,,5,no_detected_violation,0.3368477173039882,"{""hip_position_rotation"": 0.24779837174680583, ""hip_roi_coverage"": 0.15866600444994955}","{""hip_position_rotation"": 0.44995675522806733, ""hip_roi_coverage"": 0.3914389387214523}","{""hip_position_rotation"": {""basis"": ""criterion_threshold"", ""status"": ""pass""}, ""hip_roi_coverage"": {""basis"": ""criterion_threshold"", ""status"": ""pass""}}"
111,0,3,2.25.165091430504580219034019815337441064349,2.25.165091430504580219034019815337441064349/series_001_2_CR/A2504415443 DXA/CR DXA/CR000002.dcm,spine,spine,0,0.4723321510920657,1,,5,counterfactual_learned_axis,0.3696205772092579,"{""spine_artifact"": 0.3175067673175093, ""spine_axis"": 0.1847956284344079, ""spine_coverage"": 0.20345095936745872}","{""spine_artifact"": 0.48521727004851445, ""spine_axis"": 0.3600575212816334, ""spine_coverage"": 0.5047295410919221}","{""spine_artifact"": {""basis"": ""criterion_threshold"", ""status"": ""pass""}, ""spine_axis"": {""basis"": ""counterfactual_learned_axis"", ""clinical_validation"": false, ""status"": ""pass""}, ""spine_coverage"": {""basis"": ""criterion_threshold"", ""status"": ""pass""}}"
114,0,3,2.25.167344201679287285499405412654740659745,2.25.167344201679287285499405412654740659745/series_003_2_CR/A2504249537 DXA/CR DXA/CR000000.dcm,hip_right,hip_right,0,0.23723564023198476,0,,5,no_detected_violation,0.3368477173039882,"{""hip_position_rotation"": 0.2972948755145165, ""hip_roi_coverage"": 0.05100101069661361}","{""hip_position_rotation"": 0.44995675522806733, ""hip_roi_coverage"": 0.3914389387214523}","{""hip_position_rotation"": {""basis"": ""criterion_threshold"", ""status"": ""pass""}, ""hip_roi_coverage"": {""basis"": ""criterion_threshold"", ""status"": ""pass""}}"
115,0,3,2.25.167344201679287285499405412654740659745,2.25.167344201679287285499405412654740659745/series_003_2_CR/A2504249537 DXA/CR DXA/CR000001.dcm,hip_left,hip_left,0,0.27476677916243875,0,,5,no_detected_violation,0.3368477173039882,"{""hip_position_rotation"": 0.27825066314373625, ""hip_roi_coverage"": 0.17416904175808082}","{""hip_position_rotation"": 0.44995675522806733, ""hip_roi_coverage"": 0.3914389387214523}","{""hip_position_rotation"": {""basis"": ""criterion_threshold"", ""status"": ""pass""}, ""hip_roi_coverage"": {""basis"": ""criterion_threshold"", ""status"": ""pass""}}"
116,0,3,2.25.167344201679287285499405412654740659745,2.25.167344201679287285499405412654740659745/series_003_2_CR/A2504249537 DXA/CR DXA/CR000002.dcm,spine,spine,0,0.3645242733436653,0,,5,counterfactual_learned_axis,0.3696205772092579,"{""spine_artifact"": 0.1010616599178094, ""spine_axis"": 0.04418726164171854, ""spine_coverage"": 0.3720847184730513}","{""spine_artifact"": 0.48521727004851445, ""spine_axis"": 0.3600575212816334, ""spine_coverage"": 0.5047295410919221}","{""spine_artifact"": {""basis"": ""criterion_threshold"", ""status"": ""pass""}, ""spine_axis"": {""basis"": ""counterfactual_learned_axis"", ""clinical_validation"": false, ""status"": ""pass""}, ""spine_coverage"": {""basis"": ""criterion_threshold"", ""status"": ""pass""}}"
117,0,3,2.25.16773626720107440979805052259711419763,2.25.16773626720107440979805052259711419763/series_004_2_CR/A2507537392 DXA/CR DXA/CR000000.dcm,spine,spine,0,0.3487318951962179,0,,5,counterfactual_learned_axis,0.3696205772092579,"{""spine_artifact"": 0.034090586234256266, ""spine_axis"": 0.06189835185388302, ""spine_coverage"": 0.37605532079416776}","{""spine_artifact"": 0.48521727004851445, ""spine_axis"": 0.3600575212816334, ""spine_coverage"": 0.5047295410919221}","{""spine_artifact"": {""basis"": ""criterion_threshold"", ""status"": ""pass""}, ""spine_axis"": {""basis"": ""counterfactual_learned_axis"", ""clinical_validation"": false, ""status"": ""pass""}, ""spine_coverage"": {""basis"": ""criterion_threshold"", ""status"": ""pass""}}"
118,0,3,2.25.16773626720107440979805052259711419763,2.25.16773626720107440979805052259711419763/series_004_2_CR/A2507537392 DXA/CR DXA/CR000001.dcm,hip_right,hip_right,0,0.09973930745658256,0,,5,no_detected_violation,0.3368477173039882,"{""hip_position_rotation"": 0.11517543283199605, ""hip_roi_coverage"": 0.08625563510727789}","{""hip_position_rotation"": 0.44995675522806733, ""hip_roi_coverage"": 0.3914389387214523}","{""hip_position_rotation"": {""basis"": ""criterion_threshold"", ""status"": ""pass""}, ""hip_roi_coverage"": {""basis"": ""criterion_threshold"", ""status"": ""pass""}}"
119,0,3,2.25.16773626720107440979805052259711419763,2.25.16773626720107440979805052259711419763/series_004_2_CR/A2507537392 DXA/CR DXA/CR000004.dcm,hip_left,hip_left,0,0.19266280048135065,0,,5,no_detected_violation,0.3368477173039882,"{""hip_position_rotation"": 0.14090485139858977, ""hip_roi_coverage"": 0.1357419661745494}","{""hip_position_rotation"": 0.44995675522806733, ""hip_roi_coverage"": 0.3914389387214523}","{""hip_position_rotation"": {""basis"": ""criterion_threshold"", ""status"": ""pass""}, ""hip_roi_coverage"": {""basis"": ""criterion_threshold"", ""status"": ""pass""}}"
132,0,3,2.25.175881661753775295785039265792986971602,2.25.175881661753775295785039265792986971602/series_003_2_CR/A2507266462 DXA/CR DXA/CR000000.dcm,hip_right,hip_right,0,0.4101799895599214,1,,5,binary_only_review,0.3368477173039882,"{""hip_position_rotation"": 0.28127905828206773, ""hip_roi_coverage"": 0.2684962148790571}","{""hip_position_rotation"": 0.44995675522806733, ""hip_roi_coverage"": 0.3914389387214523}","{""hip_position_rotation"": {""basis"": ""criterion_threshold"", ""status"": ""pass""}, ""hip_roi_coverage"": {""basis"": ""criterion_threshold"", ""status"": ""pass""}}"
133,0,3,2.25.175881661753775295785039265792986971602,2.25.175881661753775295785039265792986971602/series_003_2_CR/A2507266462 DXA/CR DXA/CR000001.dcm,spine,spine,0,0.31603518411965603,0,,5,counterfactual_learned_axis,0.3696205772092579,"{""spine_artifact"": 0.25297186493938506, ""spine_axis"": 0.13834284954061196, ""spine_coverage"": 0.07144497133701098}","{""spine_artifact"": 0.48521727004851445, ""spine_axis"": 0.3600575212816334, ""spine_coverage"": 0.5047295410919221}","{""spine_artifact"": {""basis"": ""criterion_threshold"", ""status"": ""pass""}, ""spine_axis"": {""basis"": ""counterfactual_learned_axis"", ""clinical_validation"": false, ""status"": ""pass""}, ""spine_coverage"": {""basis"": ""criterion_threshold"", ""status"": ""pass""}}"
134,0,3,2.25.175881661753775295785039265792986971602,2.25.175881661753775295785039265792986971602/series_003_2_CR/A2507266462 DXA/CR DXA/CR000002.dcm,hip_left,hip_left,0,0.31210250127863937,0,,5,no_detected_violation,0.3368477173039882,"{""hip_position_rotation"": 0.29097924471461223, ""hip_roi_coverage"": 0.20979637956480093}","{""hip_position_rotation"": 0.44995675522806733, ""hip_roi_coverage"": 0.3914389387214523}","{""hip_position_rotation"": {""basis"": ""criterion_threshold"", ""status"": ""pass""}, ""hip_roi_coverage"": {""basis"": ""criterion_threshold"", ""status"": ""pass""}}"
154,0,3,2.25.190331309633057244929837507901317950031,2.25.190331309633057244929837507901317950031/series_001_2_CR/A250791815 DXA/CR DXA/CR000000.dcm,hip_left,hip_left,0,0.4617213752624627,1,,5,binary_only_review,0.3368477173039882,"{""hip_position_rotation"": 0.3652097160549232, ""hip_roi_coverage"": 0.2750864342646096}","{""hip_position_rotation"": 0.44995675522806733, ""hip_roi_coverage"": 0.3914389387214523}","{""hip_position_rotation"": {""basis"": ""criterion_threshold"", ""status"": ""pass""}, ""hip_roi_coverage"": {""basis"": ""criterion_threshold"", ""status"": ""pass""}}"
155,0,3,2.25.190331309633057244929837507901317950031,2.25.190331309633057244929837507901317950031/series_001_2_CR/A250791815 DXA/CR DXA/CR000003.dcm,spine,spine,1,0.28426697392423333,0,,5,counterfactual_learned_axis,0.3696205772092579,"{""spine_artifact"": 0.3363492436606368, ""spine_axis"": 0.16909293853916943, ""spine_coverage"": 0.06485596006471595}","{""spine_artifact"": 0.48521727004851445, ""spine_axis"": 0.3600575212816334, ""spine_coverage"": 0.5047295410919221}","{""spine_artifact"": {""basis"": ""criterion_threshold"", ""status"": ""pass""}, ""spine_axis"": {""basis"": ""counterfactual_learned_axis"", ""clinical_validation"": false, ""status"": ""pass""}, ""spine_coverage"": {""basis"": ""criterion_threshold"", ""status"": ""pass""}}"
156,0,3,2.25.190331309633057244929837507901317950031,2.25.190331309633057244929837507901317950031/series_001_2_CR/A250791815 DXA/CR DXA/CR000004.dcm,hip_right,hip_right,1,0.7190435260897706,1,Некорректная укладка,5,criterion_failure,0.3368477173039882,"{""hip_position_rotation"": 0.6035376761924532, ""hip_roi_coverage"": 0.3383064077160703}","{""hip_position_rotation"": 0.44995675522806733, ""hip_roi_coverage"": 0.3914389387214523}","{""hip_position_rotation"": {""basis"": ""criterion_threshold"", ""status"": ""fail""}, ""hip_roi_coverage"": {""basis"": ""criterion_threshold"", ""status"": ""pass""}}"
159,0,3,2.25.215177279960644564778148238928738915103,2.25.215177279960644564778148238928738915103/series_002_2_CR/A2504147013 DXA/CR DXA/CR000000.dcm,hip_left,hip_left,1,0.19642650623984612,0,,5,no_detected_violation,0.3368477173039882,"{""hip_position_rotation"": 0.2517665751022797, ""hip_roi_coverage"": 0.0118828626470278}","{""hip_position_rotation"": 0.44995675522806733, ""hip_roi_coverage"": 0.3914389387214523}","{""hip_position_rotation"": {""basis"": ""criterion_threshold"", ""status"": ""pass""}, ""hip_roi_coverage"": {""basis"": ""criterion_threshold"", ""status"": ""pass""}}"
160,0,3,2.25.215177279960644564778148238928738915103,2.25.215177279960644564778148238928738915103/series_002_2_CR/A2504147013 DXA/CR DXA/CR000001.dcm,spine,spine,0,0.4618785945651527,1,,5,counterfactual_learned_axis,0.3696205772092579,"{""spine_artifact"": 0.04958359727055409, ""spine_axis"": 0.33922598190018355, ""spine_coverage"": 0.15026990571907753}","{""spine_artifact"": 0.48521727004851445, ""spine_axis"": 0.3600575212816334, ""spine_coverage"": 0.5047295410919221}","{""spine_artifact"": {""basis"": ""criterion_threshold"", ""status"": ""pass""}, ""spine_axis"": {""basis"": ""counterfactual_learned_axis"", ""clinical_validation"": false, ""status"": ""pass""}, ""spine_coverage"": {""basis"": ""criterion_threshold"", ""status"": ""pass""}}"
161,0,3,2.25.215177279960644564778148238928738915103,2.25.215177279960644564778148238928738915103/series_002_2_CR/A2504147013 DXA/CR DXA/CR000002.dcm,hip_right,hip_right,1,0.18927395931520044,0,,5,no_detected_violation,0.3368477173039882,"{""hip_position_rotation"": 0.25340968560843313, ""hip_roi_coverage"": 0.015778948380103745}","{""hip_position_rotation"": 0.44995675522806733, ""hip_roi_coverage"": 0.3914389387214523}","{""hip_position_rotation"": {""basis"": ""criterion_threshold"", ""status"": ""pass""}, ""hip_roi_coverage"": {""basis"": ""criterion_threshold"", ""status"": ""pass""}}"
166,0,3,2.25.234651502352368356456298825489565282446,2.25.234651502352368356456298825489565282446/series_002_2_CR/A2504307193 DXA/CR DXA/CR000000.dcm,hip_right,hip_right,1,0.8332252353489039,1,Некорректная укладка,5,criterion_failure,0.3368477173039882,"{""hip_position_rotation"": 0.8034704423584594, ""hip_roi_coverage"": 0.2974763410950923}","{""hip_position_rotation"": 0.44995675522806733, ""hip_roi_coverage"": 0.3914389387214523}","{""hip_position_rotation"": {""basis"": ""criterion_threshold"", ""status"": ""fail""}, ""hip_roi_coverage"": {""basis"": ""criterion_threshold"", ""status"": ""pass""}}"
167,0,3,2.25.234651502352368356456298825489565282446,2.25.234651502352368356456298825489565282446/series_002_2_CR/A2504307193 DXA/CR DXA/CR000002.dcm,spine,spine,0,0.21331725171961816,0,,5,counterfactual_learned_axis,0.3696205772092579,"{""spine_artifact"": 0.10065513282024918, ""spine_axis"": 0.041309014406685524, ""spine_coverage"": 0.07887657396338098}","{""spine_artifact"": 0.48521727004851445, ""spine_axis"": 0.3600575212816334, ""spine_coverage"": 0.5047295410919221}","{""spine_artifact"": {""basis"": ""criterion_threshold"", ""status"": ""pass""}, ""spine_axis"": {""basis"": ""counterfactual_learned_axis"", ""clinical_validation"": false, ""status"": ""pass""}, ""spine_coverage"": {""basis"": ""criterion_threshold"", ""status"": ""pass""}}"
168,0,3,2.25.234651502352368356456298825489565282446,2.25.234651502352368356456298825489565282446/series_002_2_CR/A2504307193 DXA/CR DXA/CR000003.dcm,hip_left,hip_left,1,0.8755052909688911,1,Некорректная укладка;Некорректная область интереса,5,criterion_failure,0.3368477173039882,"{""hip_position_rotation"": 0.7350498727071271, ""hip_roi_coverage"": 0.760278911121968}","{""hip_position_rotation"": 0.44995675522806733, ""hip_roi_coverage"": 0.3914389387214523}","{""hip_position_rotation"": {""basis"": ""criterion_threshold"", ""status"": ""fail""}, ""hip_roi_coverage"": {""basis"": ""criterion_threshold"", ""status"": ""fail""}}"
198,0,3,2.25.314147167453134440746270747484612743945,2.25.314147167453134440746270747484612743945/series_002_2_CR/A2504224780 DXA/CR DXA/CR000000.dcm,hip_right,hip_right,0,0.36121839068748907,1,,5,binary_only_review,0.3368477173039882,"{""hip_position_rotation"": 0.10988084814840411, ""hip_roi_coverage"": 0.3909296486995902}","{""hip_position_rotation"": 0.44995675522806733, ""hip_roi_coverage"": 0.3914389387214523}","{""hip_position_rotation"": {""basis"": ""criterion_threshold"", ""status"": ""pass""}, ""hip_roi_coverage"": {""basis"": ""criterion_threshold"", ""status"": ""pass""}}"
199,0,3,2.25.314147167453134440746270747484612743945,2.25.314147167453134440746270747484612743945/series_002_2_CR/A2504224780 DXA/CR DXA/CR000001.dcm,hip_left,hip_left,0,0.3156401163545453,0,,5,no_detected_violation,0.3368477173039882,"{""hip_position_rotation"": 0.15427631821694202, ""hip_roi_coverage"": 0.22831814526218988}","{""hip_position_rotation"": 0.44995675522806733, ""hip_roi_coverage"": 0.3914389387214523}","{""hip_position_rotation"": {""basis"": ""criterion_threshold"", ""status"": ""pass""}, ""hip_roi_coverage"": {""basis"": ""criterion_threshold"", ""status"": ""pass""}}"
200,0,3,2.25.314147167453134440746270747484612743945,2.25.314147167453134440746270747484612743945/series_002_2_CR/A2504224780 DXA/CR DXA/CR000002.dcm,spine,spine,0,0.10625751265121235,0,,5,counterfactual_learned_axis,0.3696205772092579,"{""spine_artifact"": 0.07403834917372186, ""spine_axis"": 0.029655061757968924, ""spine_coverage"": 0.1294138745965974}","{""spine_artifact"": 0.48521727004851445, ""spine_axis"": 0.3600575212816334, ""spine_coverage"": 0.5047295410919221}","{""spine_artifact"": {""basis"": ""criterion_threshold"", ""status"": ""pass""}, ""spine_axis"": {""basis"": ""counterfactual_learned_axis"", ""clinical_validation"": false, ""status"": ""pass""}, ""spine_coverage"": {""basis"": ""criterion_threshold"", ""status"": ""pass""}}"
202,0,3,2.25.338439598607961312040815816824093323492,2.25.338439598607961312040815816824093323492/series_002_2_CR/A2504147124 DXA/CR DXA/CR000000.dcm,spine,spine,1,0.5274581523964775,1,Присутствуют посторонние предметы,5,counterfactual_learned_axis,0.3696205772092579,"{""spine_artifact"": 0.5115897559820233, ""spine_axis"": 0.1621942839957434, ""spine_coverage"": 0.11828566969778798}","{""spine_artifact"": 0.48521727004851445, ""spine_axis"": 0.3600575212816334, ""spine_coverage"": 0.5047295410919221}","{""spine_artifact"": {""basis"": ""criterion_threshold"", ""status"": ""fail""}, ""spine_axis"": {""basis"": ""counterfactual_learned_axis"", ""clinical_validation"": false, ""status"": ""pass""}, ""spine_coverage"": {""basis"": ""criterion_threshold"", ""status"": ""pass""}}"
203,0,3,2.25.339027809107632348165171236474821772940,2.25.339027809107632348165171236474821772940/series_001_2_CR/A2504349642 DXA/CR DXA/CR000000.dcm,hip_right,hip_right,0,0.1613998852204186,0,,5,no_detected_violation,0.3368477173039882,"{""hip_position_rotation"": 0.255955812702133, ""hip_roi_coverage"": 0.0043642470159758395}","{""hip_position_rotation"": 0.44995675522806733, ""hip_roi_coverage"": 0.3914389387214523}","{""hip_position_rotation"": {""basis"": ""criterion_threshold"", ""status"": ""pass""}, ""hip_roi_coverage"": {""basis"": ""criterion_threshold"", ""status"": ""pass""}}"
204,0,3,2.25.339027809107632348165171236474821772940,2.25.339027809107632348165171236474821772940/series_001_2_CR/A2504349642 DXA/CR DXA/CR000001.dcm,spine,spine,1,0.2734403622918245,0,,5,counterfactual_learned_axis,0.3696205772092579,"{""spine_artifact"": 0.04168087285547204, ""spine_axis"": 0.26565728616528816, ""spine_coverage"": 0.017342176814345533}","{""spine_artifact"": 0.48521727004851445, ""spine_axis"": 0.3600575212816334, ""spine_coverage"": 0.5047295410919221}","{""spine_artifact"": {""basis"": ""criterion_threshold"", ""status"": ""pass""}, ""spine_axis"": {""basis"": ""counterfactual_learned_axis"", ""clinical_validation"": false, ""status"": ""pass""}, ""spine_coverage"": {""basis"": ""criterion_threshold"", ""status"": ""pass""}}"
205,0,3,2.25.339027809107632348165171236474821772940,2.25.339027809107632348165171236474821772940/series_001_2_CR/A2504349642 DXA/CR DXA/CR000002.dcm,hip_left,hip_left,0,0.16842529855773217,0,,5,no_detected_violation,0.3368477173039882,"{""hip_position_rotation"": 0.21341386076170965, ""hip_roi_coverage"": 0.003852642989157042}","{""hip_position_rotation"": 0.44995675522806733, ""hip_roi_coverage"": 0.3914389387214523}","{""hip_position_rotation"": {""basis"": ""criterion_threshold"", ""status"": ""pass""}, ""hip_roi_coverage"": {""basis"": ""criterion_threshold"", ""status"": ""pass""}}"
222,0,3,2.25.54396839637320114639948764487283877793,2.25.54396839637320114639948764487283877793/series_003_2_CR/A2504111090 DXA/CR DXA/CR000000.dcm,spine,spine,0,0.47811304779435887,1,,5,counterfactual_learned_axis,0.3696205772092579,"{""spine_artifact"": 0.037206941576547206, ""spine_axis"": 0.14695424410206082, ""spine_coverage"": 0.43888803945917854}","{""spine_artifact"": 0.48521727004851445, ""spine_axis"": 0.3600575212816334, ""spine_coverage"": 0.5047295410919221}","{""spine_artifact"": {""basis"": ""criterion_threshold"", ""status"": ""pass""}, ""spine_axis"": {""basis"": ""counterfactual_learned_axis"", ""clinical_validation"": false, ""status"": ""pass""}, ""spine_coverage"": {""basis"": ""criterion_threshold"", ""status"": ""pass""}}"
239,0,3,2.25.82912555346523716720160717883917565880,2.25.82912555346523716720160717883917565880/series_002_2_CR/A2504149480 DXA/CR DXA/CR000000.dcm,hip_left,hip_left,0,0.38939885974324834,1,,5,binary_only_review,0.3368477173039882,"{""hip_position_rotation"": 0.2617415159414307, ""hip_roi_coverage"": 0.13882843691890065}","{""hip_position_rotation"": 0.44995675522806733, ""hip_roi_coverage"": 0.3914389387214523}","{""hip_position_rotation"": {""basis"": ""criterion_threshold"", ""status"": ""pass""}, ""hip_roi_coverage"": {""basis"": ""criterion_threshold"", ""status"": ""pass""}}"
240,0,3,2.25.82912555346523716720160717883917565880,2.25.82912555346523716720160717883917565880/series_002_2_CR/A2504149480 DXA/CR DXA/CR000001.dcm,spine,spine,0,0.2746602157025623,0,,5,counterfactual_learned_axis,0.3696205772092579,"{""spine_artifact"": 0.16132091582365196, ""spine_axis"": 0.06484431576950515, ""spine_coverage"": 0.19856693888134022}","{""spine_artifact"": 0.48521727004851445, ""spine_axis"": 0.3600575212816334, ""spine_coverage"": 0.5047295410919221}","{""spine_artifact"": {""basis"": ""criterion_threshold"", ""status"": ""pass""}, ""spine_axis"": {""basis"": ""counterfactual_learned_axis"", ""clinical_validation"": false, ""status"": ""pass""}, ""spine_coverage"": {""basis"": ""criterion_threshold"", ""status"": ""pass""}}"
241,0,3,2.25.82912555346523716720160717883917565880,2.25.82912555346523716720160717883917565880/series_002_2_CR/A2504149480 DXA/CR DXA/CR000002.dcm,hip_right,hip_right,1,0.5425792486879443,1,Некорректная укладка,5,criterion_failure,0.3368477173039882,"{""hip_position_rotation"": 0.5929003882402342, ""hip_roi_coverage"": 0.12933112367978725}","{""hip_position_rotation"": 0.44995675522806733, ""hip_roi_coverage"": 0.3914389387214523}","{""hip_position_rotation"": {""basis"": ""criterion_threshold"", ""status"": ""fail""}, ""hip_roi_coverage"": {""basis"": ""criterion_threshold"", ""status"": ""pass""}}"
0,0,4,1.2.840.113619.2.110.512719.20250403090444,1.2.840.113619.2.110.512719.20250403090444/series_004_3_CR/DXA/CR DXA/CR000000.dcm,spine,spine,0,0.08770080587222606,0,,5,counterfactual_learned_axis,0.3534988997172734,"{""spine_artifact"": 0.03903982081669489, ""spine_axis"": 0.04219152139636456, ""spine_coverage"": 0.06910354297238647}","{""spine_artifact"": 0.3608779317904294, ""spine_axis"": 0.4118098039322805, ""spine_coverage"": 0.5070494893992459}","{""spine_artifact"": {""basis"": ""criterion_threshold"", ""status"": ""pass""}, ""spine_axis"": {""basis"": ""counterfactual_learned_axis"", ""clinical_validation"": false, ""status"": ""pass""}, ""spine_coverage"": {""basis"": ""criterion_threshold"", ""status"": ""pass""}}"
1,0,4,1.2.840.113619.2.110.512719.20250403090444,1.2.840.113619.2.110.512719.20250403090444/series_004_3_CR/DXA/CR DXA/CR000001.dcm,hip_right,hip_right,0,0.37102354164919343,1,,5,binary_only_review,0.35065400322197293,"{""hip_position_rotation"": 0.303965424994509, ""hip_roi_coverage"": 0.11132816319610488}","{""hip_position_rotation"": 0.45059154425387304, ""hip_roi_coverage"": 0.4916227545295142}","{""hip_position_rotation"": {""basis"": ""criterion_threshold"", ""status"": ""pass""}, ""hip_roi_coverage"": {""basis"": ""criterion_threshold"", ""status"": ""pass""}}"
2,0,4,1.2.840.113619.2.110.512719.20250403090444,1.2.840.113619.2.110.512719.20250403090444/series_004_3_CR/DXA/CR DXA/CR000002.dcm,hip_left,hip_left,1,0.24713302279029903,0,,5,no_detected_violation,0.35065400322197293,"{""hip_position_rotation"": 0.26075510628859694, ""hip_roi_coverage"": 0.08403678768465374}","{""hip_position_rotation"": 0.45059154425387304, ""hip_roi_coverage"": 0.4916227545295142}","{""hip_position_rotation"": {""basis"": ""criterion_threshold"", ""status"": ""pass""}, ""hip_roi_coverage"": {""basis"": ""criterion_threshold"", ""status"": ""pass""}}"
6,0,4,1.2.840.113619.2.110.512719.20250407113211,1.2.840.113619.2.110.512719.20250407113211/series_001_2_CR/DXA/CR DXA/CR000000.dcm,hip_left,hip_left,1,0.2884964102090168,0,,5,no_detected_violation,0.35065400322197293,"{""hip_position_rotation"": 0.270841436579963, ""hip_roi_coverage"": 0.10786247415234489}","{""hip_position_rotation"": 0.45059154425387304, ""hip_roi_coverage"": 0.4916227545295142}","{""hip_position_rotation"": {""basis"": ""criterion_threshold"", ""status"": ""pass""}, ""hip_roi_coverage"": {""basis"": ""criterion_threshold"", ""status"": ""pass""}}"
7,0,4,1.2.840.113619.2.110.512719.20250407113211,1.2.840.113619.2.110.512719.20250407113211/series_001_2_CR/DXA/CR DXA/CR000001.dcm,hip_right,hip_right,0,0.1980678193603808,0,,5,no_detected_violation,0.35065400322197293,"{""hip_position_rotation"": 0.18956694797181747, ""hip_roi_coverage"": 0.05521201962813708}","{""hip_position_rotation"": 0.45059154425387304, ""hip_roi_coverage"": 0.4916227545295142}","{""hip_position_rotation"": {""basis"": ""criterion_threshold"", ""status"": ""pass""}, ""hip_roi_coverage"": {""basis"": ""criterion_threshold"", ""status"": ""pass""}}"
8,0,4,1.2.840.113619.2.110.512719.20250407113211,1.2.840.113619.2.110.512719.20250407113211/series_001_2_CR/DXA/CR DXA/CR000003.dcm,spine,spine,0,0.10079299872237228,0,,5,counterfactual_learned_axis,0.3534988997172734,"{""spine_artifact"": 0.04357797959308018, ""spine_axis"": 0.02010792860563253, ""spine_coverage"": 0.04840393231931833}","{""spine_artifact"": 0.3608779317904294, ""spine_axis"": 0.4118098039322805, ""spine_coverage"": 0.5070494893992459}","{""spine_artifact"": {""basis"": ""criterion_threshold"", ""status"": ""pass""}, ""spine_axis"": {""basis"": ""counterfactual_learned_axis"", ""clinical_validation"": false, ""status"": ""pass""}, ""spine_coverage"": {""basis"": ""criterion_threshold"", ""status"": ""pass""}}"
27,0,4,2.25.112621744005021908434051268014787122937,2.25.112621744005021908434051268014787122937/series_002_2_CR/A2504301685 DXA/CR DXA/CR000000.dcm,spine,spine,0,0.579688072478952,1,Не выравнена ось позвоночника,5,counterfactual_learned_axis,0.3534988997172734,"{""spine_artifact"": 0.15741013355757646, ""spine_axis"": 0.5278622195794237, ""spine_coverage"": 0.08206655848293856}","{""spine_artifact"": 0.3608779317904294, ""spine_axis"": 0.4118098039322805, ""spine_coverage"": 0.5070494893992459}","{""spine_artifact"": {""basis"": ""criterion_threshold"", ""status"": ""pass""}, ""spine_axis"": {""basis"": ""counterfactual_learned_axis"", ""clinical_validation"": false, ""status"": ""fail""}, ""spine_coverage"": {""basis"": ""criterion_threshold"", ""status"": ""pass""}}"
31,0,4,2.25.116822802042655971810859435524105064465,2.25.116822802042655971810859435524105064465/series_003_2_CR/A2507273296 DXA/CR DXA/CR000000.dcm,hip_right,hip_right,0,0.2344988007113897,0,,5,no_detected_violation,0.35065400322197293,"{""hip_position_rotation"": 0.2596034778507837, ""hip_roi_coverage"": 0.13460737640678713}","{""hip_position_rotation"": 0.45059154425387304, ""hip_roi_coverage"": 0.4916227545295142}","{""hip_position_rotation"": {""basis"": ""criterion_threshold"", ""status"": ""pass""}, ""hip_roi_coverage"": {""basis"": ""criterion_threshold"", ""status"": ""pass""}}"
32,0,4,2.25.116822802042655971810859435524105064465,2.25.116822802042655971810859435524105064465/series_003_2_CR/A2507273296 DXA/CR DXA/CR000001.dcm,hip_left,hip_left,0,0.4475040636911802,1,,5,binary_only_review,0.35065400322197293,"{""hip_position_rotation"": 0.3424121983465807, ""hip_roi_coverage"": 0.22155564314849063}","{""hip_position_rotation"": 0.45059154425387304, ""hip_roi_coverage"": 0.4916227545295142}","{""hip_position_rotation"": {""basis"": ""criterion_threshold"", ""status"": ""pass""}, ""hip_roi_coverage"": {""basis"": ""criterion_threshold"", ""status"": ""pass""}}"
33,0,4,2.25.116822802042655971810859435524105064465,2.25.116822802042655971810859435524105064465/series_003_2_CR/A2507273296 DXA/CR DXA/CR000002.dcm,spine,spine,0,0.34785317670954213,0,,5,counterfactual_learned_axis,0.3534988997172734,"{""spine_artifact"": 0.1082182057765398, ""spine_axis"": 0.05016276258945287, ""spine_coverage"": 0.24031965719493678}","{""spine_artifact"": 0.3608779317904294, ""spine_axis"": 0.4118098039322805, ""spine_coverage"": 0.5070494893992459}","{""spine_artifact"": {""basis"": ""criterion_threshold"", ""status"": ""pass""}, ""spine_axis"": {""basis"": ""counterfactual_learned_axis"", ""clinical_validation"": false, ""status"": ""pass""}, ""spine_coverage"": {""basis"": ""criterion_threshold"", ""status"": ""pass""}}"
42,0,4,2.25.126293418391331346694592071563510265596,2.25.126293418391331346694592071563510265596/series_002_3_CR/A2507250865 DXA/CR DXA/CR000000.dcm,hip_right,hip_right,0,0.16139947648492683,0,,5,no_detected_violation,0.35065400322197293,"{""hip_position_rotation"": 0.22342305904808715, ""hip_roi_coverage"": 0.036017093363818566}","{""hip_position_rotation"": 0.45059154425387304, ""hip_roi_coverage"": 0.4916227545295142}","{""hip_position_rotation"": {""basis"": ""criterion_threshold"", ""status"": ""pass""}, ""hip_roi_coverage"": {""basis"": ""criterion_threshold"", ""status"": ""pass""}}"
43,0,4,2.25.126293418391331346694592071563510265596,2.25.126293418391331346694592071563510265596/series_002_3_CR/A2507250865 DXA/CR DXA/CR000001.dcm,spine,spine,0,0.41567001700343326,1,Присутствуют посторонние предметы,5,counterfactual_learned_axis,0.3534988997172734,"{""spine_artifact"": 0.48749067617745867, ""spine_axis"": 0.009604972499090432, ""spine_coverage"": 0.0544391314655297}","{""spine_artifact"": 0.3608779317904294, ""spine_axis"": 0.4118098039322805, ""spine_coverage"": 0.5070494893992459}","{""spine_artifact"": {""basis"": ""criterion_threshold"", ""status"": ""fail""}, ""spine_axis"": {""basis"": ""counterfactual_learned_axis"", ""clinical_validation"": false, ""status"": ""pass""}, ""spine_coverage"": {""basis"": ""criterion_threshold"", ""status"": ""pass""}}"
44,0,4,2.25.126293418391331346694592071563510265596,2.25.126293418391331346694592071563510265596/series_002_3_CR/A2507250865 DXA/CR DXA/CR000002.dcm,hip_left,hip_left,1,0.8518407852084001,1,Некорректная укладка;Некорректная область интереса,5,criterion_failure,0.35065400322197293,"{""hip_position_rotation"": 0.7584021033965881, ""hip_roi_coverage"": 0.8280118505698226}","{""hip_position_rotation"": 0.45059154425387304, ""hip_roi_coverage"": 0.4916227545295142}","{""hip_position_rotation"": {""basis"": ""criterion_threshold"", ""status"": ""fail""}, ""hip_roi_coverage"": {""basis"": ""criterion_threshold"", ""status"": ""fail""}}"
45,0,4,2.25.127126130998341190348103034690069487890,2.25.127126130998341190348103034690069487890/series_002_2_CR/A250428736 DXA/CR DXA/CR000000.dcm,spine,spine,0,0.20910672945896822,0,,5,counterfactual_learned_axis,0.3534988997172734,"{""spine_artifact"": 0.10405164365206128, ""spine_axis"": 0.10653855816495798, ""spine_coverage"": 0.16115983848584836}","{""spine_artifact"": 0.3608779317904294, ""spine_axis"": 0.4118098039322805, ""spine_coverage"": 0.5070494893992459}","{""spine_artifact"": {""basis"": ""criterion_threshold"", ""status"": ""pass""}, ""spine_axis"": {""basis"": ""counterfactual_learned_axis"", ""clinical_validation"": false, ""status"": ""pass""}, ""spine_coverage"": {""basis"": ""criterion_threshold"", ""status"": ""pass""}}"
46,0,4,2.25.127126130998341190348103034690069487890,2.25.127126130998341190348103034690069487890/series_002_2_CR/A250428736 DXA/CR DXA/CR000001.dcm,hip_left,hip_left,1,0.6488144780118711,1,Некорректная укладка,5,criterion_failure,0.35065400322197293,"{""hip_position_rotation"": 0.6181430108279925, ""hip_roi_coverage"": 0.05637543963938201}","{""hip_position_rotation"": 0.45059154425387304, ""hip_roi_coverage"": 0.4916227545295142}","{""hip_position_rotation"": {""basis"": ""criterion_threshold"", ""status"": ""fail""}, ""hip_roi_coverage"": {""basis"": ""criterion_threshold"", ""status"": ""pass""}}"
47,0,4,2.25.127126130998341190348103034690069487890,2.25.127126130998341190348103034690069487890/series_002_2_CR/A250428736 DXA/CR DXA/CR000003.dcm,hip_right,hip_right,1,0.6873393120477246,1,Некорректная укладка,5,criterion_failure,0.35065400322197293,"{""hip_position_rotation"": 0.45741434305107803, ""hip_roi_coverage"": 0.353904221960855}","{""hip_position_rotation"": 0.45059154425387304, ""hip_roi_coverage"": 0.4916227545295142}","{""hip_position_rotation"": {""basis"": ""criterion_threshold"", ""status"": ""fail""}, ""hip_roi_coverage"": {""basis"": ""criterion_threshold"", ""status"": ""pass""}}"
58,0,4,2.25.132083163398091874662674590622589534350,2.25.132083163398091874662674590622589534350/series_003_2_CR/A2507386583 DXA Exam/CR DXA Images/CR000000.dcm,hip_left,hip_left,0,0.7002982162814607,1,Некорректная укладка,5,criterion_failure,0.35065400322197293,"{""hip_position_rotation"": 0.6868667269646352, ""hip_roi_coverage"": 0.01359861896858909}","{""hip_position_rotation"": 0.45059154425387304, ""hip_roi_coverage"": 0.4916227545295142}","{""hip_position_rotation"": {""basis"": ""criterion_threshold"", ""status"": ""fail""}, ""hip_roi_coverage"": {""basis"": ""criterion_threshold"", ""status"": ""pass""}}"
59,0,4,2.25.132083163398091874662674590622589534350,2.25.132083163398091874662674590622589534350/series_003_2_CR/A2507386583 DXA Exam/CR DXA Images/CR000001.dcm,spine,spine,0,0.43557748522574125,1,,5,counterfactual_learned_axis,0.3534988997172734,"{""spine_artifact"": 0.2912233310769423, ""spine_axis"": 0.14430889947611367, ""spine_coverage"": 0.11830880183716848}","{""spine_artifact"": 0.3608779317904294, ""spine_axis"": 0.4118098039322805, ""spine_coverage"": 0.5070494893992459}","{""spine_artifact"": {""basis"": ""criterion_threshold"", ""status"": ""pass""}, ""spine_axis"": {""basis"": ""counterfactual_learned_axis"", ""clinical_validation"": false, ""status"": ""pass""}, ""spine_coverage"": {""basis"": ""criterion_threshold"", ""status"": ""pass""}}"
60,0,4,2.25.132083163398091874662674590622589534350,2.25.132083163398091874662674590622589534350/series_003_2_CR/A2507386583 DXA Exam/CR DXA Images/CR000002.dcm,hip_right,hip_right,0,0.6596413437907243,1,Некорректная укладка,5,criterion_failure,0.35065400322197293,"{""hip_position_rotation"": 0.6086612622213201, ""hip_roi_coverage"": 0.022003804528010647}","{""hip_position_rotation"": 0.45059154425387304, ""hip_roi_coverage"": 0.4916227545295142}","{""hip_position_rotation"": {""basis"": ""criterion_threshold"", ""status"": ""fail""}, ""hip_roi_coverage"": {""basis"": ""criterion_threshold"", ""status"": ""pass""}}"
67,0,4,2.25.134456506307367483341018281460841912845,2.25.134456506307367483341018281460841912845/series_002_2_CR/A2507120612 DXA/CR DXA/CR000000.dcm,hip_left,hip_left,0,0.30614436271109063,0,,5,no_detected_violation,0.35065400322197293,"{""hip_position_rotation"": 0.41863293222927367, ""hip_roi_coverage"": 0.06727624160944647}","{""hip_position_rotation"": 0.45059154425387304, ""hip_roi_coverage"": 0.4916227545295142}","{""hip_position_rotation"": {""basis"": ""criterion_threshold"", ""status"": ""pass""}, ""hip_roi_coverage"": {""basis"": ""criterion_threshold"", ""status"": ""pass""}}"
68,0,4,2.25.134456506307367483341018281460841912845,2.25.134456506307367483341018281460841912845/series_002_2_CR/A2507120612 DXA/CR DXA/CR000001.dcm,spine,spine,0,0.3673639684798113,1,,5,counterfactual_learned_axis,0.3534988997172734,"{""spine_artifact"": 0.2095687271322588, ""spine_axis"": 0.17672934028273113, ""spine_coverage"": 0.08912752230047612}","{""spine_artifact"": 0.3608779317904294, ""spine_axis"": 0.4118098039322805, ""spine_coverage"": 0.5070494893992459}","{""spine_artifact"": {""basis"": ""criterion_threshold"", ""status"": ""pass""}, ""spine_axis"": {""basis"": ""counterfactual_learned_axis"", ""clinical_validation"": false, ""status"": ""pass""}, ""spine_coverage"": {""basis"": ""criterion_threshold"", ""status"": ""pass""}}"
69,0,4,2.25.134456506307367483341018281460841912845,2.25.134456506307367483341018281460841912845/series_002_2_CR/A2507120612 DXA/CR DXA/CR000002.dcm,hip_right,hip_right,0,0.08941843478568173,0,,5,no_detected_violation,0.35065400322197293,"{""hip_position_rotation"": 0.10104955511058016, ""hip_roi_coverage"": 0.09400405726923255}","{""hip_position_rotation"": 0.45059154425387304, ""hip_roi_coverage"": 0.4916227545295142}","{""hip_position_rotation"": {""basis"": ""criterion_threshold"", ""status"": ""pass""}, ""hip_roi_coverage"": {""basis"": ""criterion_threshold"", ""status"": ""pass""}}"
80,0,4,2.25.144941557565802351596730914409170713112,2.25.144941557565802351596730914409170713112/series_001_2_CR/A250728979 DXA/CR DXA/CR000000.dcm,hip_left,hip_left,0,0.3558312910185985,1,,5,binary_only_review,0.35065400322197293,"{""hip_position_rotation"": 0.25135671198346815, ""hip_roi_coverage"": 0.03663749612686962}","{""hip_position_rotation"": 0.45059154425387304, ""hip_roi_coverage"": 0.4916227545295142}","{""hip_position_rotation"": {""basis"": ""criterion_threshold"", ""status"": ""pass""}, ""hip_roi_coverage"": {""basis"": ""criterion_threshold"", ""status"": ""pass""}}"
81,0,4,2.25.144941557565802351596730914409170713112,2.25.144941557565802351596730914409170713112/series_001_2_CR/A250728979 DXA/CR DXA/CR000002.dcm,hip_right,hip_right,1,0.5114576696693918,1,,5,binary_only_review,0.35065400322197293,"{""hip_position_rotation"": 0.41110998585318015, ""hip_roi_coverage"": 0.07826383039805136}","{""hip_position_rotation"": 0.45059154425387304, ""hip_roi_coverage"": 0.4916227545295142}","{""hip_position_rotation"": {""basis"": ""criterion_threshold"", ""status"": ""pass""}, ""hip_roi_coverage"": {""basis"": ""criterion_threshold"", ""status"": ""pass""}}"
82,0,4,2.25.144941557565802351596730914409170713112,2.25.144941557565802351596730914409170713112/series_001_2_CR/A250728979 DXA/CR DXA/CR000006.dcm,spine,spine,0,0.3875834709165688,1,,5,counterfactual_learned_axis,0.3534988997172734,"{""spine_artifact"": 0.09066054328726618, ""spine_axis"": 0.10451535787028692, ""spine_coverage"": 0.10851964969688992}","{""spine_artifact"": 0.3608779317904294, ""spine_axis"": 0.4118098039322805, ""spine_coverage"": 0.5070494893992459}","{""spine_artifact"": {""basis"": ""criterion_threshold"", ""status"": ""pass""}, ""spine_axis"": {""basis"": ""counterfactual_learned_axis"", ""clinical_validation"": false, ""status"": ""pass""}, ""spine_coverage"": {""basis"": ""criterion_threshold"", ""status"": ""pass""}}"
92,0,4,2.25.156375884487675936513403083218009333856,2.25.156375884487675936513403083218009333856/series_003_2_CR/A250727121 DXA/CR DXA/CR000000.dcm,hip_left,hip_left,0,0.16989344829854444,0,,5,no_detected_violation,0.35065400322197293,"{""hip_position_rotation"": 0.24764723609249706, ""hip_roi_coverage"": 0.011706774181454951}","{""hip_position_rotation"": 0.45059154425387304, ""hip_roi_coverage"": 0.4916227545295142}","{""hip_position_rotation"": {""basis"": ""criterion_threshold"", ""status"": ""pass""}, ""hip_roi_coverage"": {""basis"": ""criterion_threshold"", ""status"": ""pass""}}"
93,0,4,2.25.156375884487675936513403083218009333856,2.25.156375884487675936513403083218009333856/series_003_2_CR/A250727121 DXA/CR DXA/CR000001.dcm,spine,spine,1,0.5330628942618426,1,Присутствуют посторонние предметы,5,counterfactual_learned_axis,0.3534988997172734,"{""spine_artifact"": 0.7135480409321538, ""spine_axis"": 0.027736121902809413, ""spine_coverage"": 0.05728879662650399}","{""spine_artifact"": 0.3608779317904294, ""spine_axis"": 0.4118098039322805, ""spine_coverage"": 0.5070494893992459}","{""spine_artifact"": {""basis"": ""criterion_threshold"", ""status"": ""fail""}, ""spine_axis"": {""basis"": ""counterfactual_learned_axis"", ""clinical_validation"": false, ""status"": ""pass""}, ""spine_coverage"": {""basis"": ""criterion_threshold"", ""status"": ""pass""}}"
94,0,4,2.25.156375884487675936513403083218009333856,2.25.156375884487675936513403083218009333856/series_003_2_CR/A250727121 DXA/CR DXA/CR000004.dcm,hip_right,hip_right,0,0.2373827655398235,0,,5,no_detected_violation,0.35065400322197293,"{""hip_position_rotation"": 0.38696097597497364, ""hip_roi_coverage"": 0.0022125870188954813}","{""hip_position_rotation"": 0.45059154425387304, ""hip_roi_coverage"": 0.4916227545295142}","{""hip_position_rotation"": {""basis"": ""criterion_threshold"", ""status"": ""pass""}, ""hip_roi_coverage"": {""basis"": ""criterion_threshold"", ""status"": ""pass""}}"
124,0,4,2.25.172445998420765569384934552191547932566,2.25.172445998420765569384934552191547932566/series_004_2_CR/A2507368766 DXA/CR DXA/CR000000.dcm,spine,spine,1,0.5077411565727363,1,Присутствуют посторонние предметы,5,counterfactual_learned_axis,0.3534988997172734,"{""spine_artifact"": 0.37906440990917895, ""spine_axis"": 0.161586820042706, ""spine_coverage"": 0.123172303518205}","{""spine_artifact"": 0.3608779317904294, ""spine_axis"": 0.4118098039322805, ""spine_coverage"": 0.5070494893992459}","{""spine_artifact"": {""basis"": ""criterion_threshold"", ""status"": ""fail""}, ""spine_axis"": {""basis"": ""counterfactual_learned_axis"", ""clinical_validation"": false, ""status"": ""pass""}, ""spine_coverage"": {""basis"": ""criterion_threshold"", ""status"": ""pass""}}"
125,0,4,2.25.172445998420765569384934552191547932566,2.25.172445998420765569384934552191547932566/series_004_2_CR/A2507368766 DXA/CR DXA/CR000001.dcm,hip_right,hip_right,0,0.20753099002423148,0,,5,no_detected_violation,0.35065400322197293,"{""hip_position_rotation"": 0.3435033005471282, ""hip_roi_coverage"": 0.004598880179626852}","{""hip_position_rotation"": 0.45059154425387304, ""hip_roi_coverage"": 0.4916227545295142}","{""hip_position_rotation"": {""basis"": ""criterion_threshold"", ""status"": ""pass""}, ""hip_roi_coverage"": {""basis"": ""criterion_threshold"", ""status"": ""pass""}}"
126,0,4,2.25.172445998420765569384934552191547932566,2.25.172445998420765569384934552191547932566/series_004_2_CR/A2507368766 DXA/CR DXA/CR000002.dcm,hip_left,hip_left,0,0.16007846866833994,0,,5,no_detected_violation,0.35065400322197293,"{""hip_position_rotation"": 0.2657572701677759, ""hip_roi_coverage"": 0.002010945530004542}","{""hip_position_rotation"": 0.45059154425387304, ""hip_roi_coverage"": 0.4916227545295142}","{""hip_position_rotation"": {""basis"": ""criterion_threshold"", ""status"": ""pass""}, ""hip_roi_coverage"": {""basis"": ""criterion_threshold"", ""status"": ""pass""}}"
138,0,4,2.25.17706555930735581384953296958427669848,2.25.17706555930735581384953296958427669848/series_004_3_CR/A2504146513 DXA/CR DXA/CR000000.dcm,hip_left,hip_left,0,0.3722319269538931,1,,5,binary_only_review,0.35065400322197293,"{""hip_position_rotation"": 0.4000206257115921, ""hip_roi_coverage"": 0.05782395943387054}","{""hip_position_rotation"": 0.45059154425387304, ""hip_roi_coverage"": 0.4916227545295142}","{""hip_position_rotation"": {""basis"": ""criterion_threshold"", ""status"": ""pass""}, ""hip_roi_coverage"": {""basis"": ""criterion_threshold"", ""status"": ""pass""}}"
139,0,4,2.25.17706555930735581384953296958427669848,2.25.17706555930735581384953296958427669848/series_004_3_CR/A2504146513 DXA/CR DXA/CR000001.dcm,spine,spine,1,0.5159853505293851,1,,5,counterfactual_learned_axis,0.3534988997172734,"{""spine_artifact"": 0.16582252760062233, ""spine_axis"": 0.26420687304824725, ""spine_coverage"": 0.17072750589988414}","{""spine_artifact"": 0.3608779317904294, ""spine_axis"": 0.4118098039322805, ""spine_coverage"": 0.5070494893992459}","{""spine_artifact"": {""basis"": ""criterion_threshold"", ""status"": ""pass""}, ""spine_axis"": {""basis"": ""counterfactual_learned_axis"", ""clinical_validation"": false, ""status"": ""pass""}, ""spine_coverage"": {""basis"": ""criterion_threshold"", ""status"": ""pass""}}"
140,0,4,2.25.17706555930735581384953296958427669848,2.25.17706555930735581384953296958427669848/series_004_3_CR/A2504146513 DXA/CR DXA/CR000003.dcm,hip_right,hip_right,0,0.3443835975186332,0,,5,no_detected_violation,0.35065400322197293,"{""hip_position_rotation"": 0.2755243468167918, ""hip_roi_coverage"": 0.16970659052736983}","{""hip_position_rotation"": 0.45059154425387304, ""hip_roi_coverage"": 0.4916227545295142}","{""hip_position_rotation"": {""basis"": ""criterion_threshold"", ""status"": ""pass""}, ""hip_roi_coverage"": {""basis"": ""criterion_threshold"", ""status"": ""pass""}}"
144,0,4,2.25.178533355209696795441380751187185128893,2.25.178533355209696795441380751187185128893/series_003_2_CR/A2507155452 DXA/CR DXA/CR000000.dcm,spine,spine,0,0.4028078725848438,1,,5,counterfactual_learned_axis,0.3534988997172734,"{""spine_artifact"": 0.18336721142010723, ""spine_axis"": 0.34212163676429136, ""spine_coverage"": 0.029577622923351695}","{""spine_artifact"": 0.3608779317904294, ""spine_axis"": 0.4118098039322805, ""spine_coverage"": 0.5070494893992459}","{""spine_artifact"": {""basis"": ""criterion_threshold"", ""status"": ""pass""}, ""spine_axis"": {""basis"": ""counterfactual_learned_axis"", ""clinical_validation"": false, ""status"": ""pass""}, ""spine_coverage"": {""basis"": ""criterion_threshold"", ""status"": ""pass""}}"
151,0,4,2.25.186201010600484120326273381077449377115,2.25.186201010600484120326273381077449377115/series_004_2_CR/A250777475 DXA/CR DXA/CR000000.dcm,hip_left,hip_left,0,0.16370368977123853,0,,5,no_detected_violation,0.35065400322197293,"{""hip_position_rotation"": 0.1875204909389496, ""hip_roi_coverage"": 0.03991760707438393}","{""hip_position_rotation"": 0.45059154425387304, ""hip_roi_coverage"": 0.4916227545295142}","{""hip_position_rotation"": {""basis"": ""criterion_threshold"", ""status"": ""pass""}, ""hip_roi_coverage"": {""basis"": ""criterion_threshold"", ""status"": ""pass""}}"
152,0,4,2.25.186201010600484120326273381077449377115,2.25.186201010600484120326273381077449377115/series_004_2_CR/A250777475 DXA/CR DXA/CR000002.dcm,hip_right,hip_right,0,0.18189980528483338,0,,5,no_detected_violation,0.35065400322197293,"{""hip_position_rotation"": 0.18230875256805248, ""hip_roi_coverage"": 0.06969951645213536}","{""hip_position_rotation"": 0.45059154425387304, ""hip_roi_coverage"": 0.4916227545295142}","{""hip_position_rotation"": {""basis"": ""criterion_threshold"", ""status"": ""pass""}, ""hip_roi_coverage"": {""basis"": ""criterion_threshold"", ""status"": ""pass""}}"
153,0,4,2.25.186201010600484120326273381077449377115,2.25.186201010600484120326273381077449377115/series_004_2_CR/A250777475 DXA/CR DXA/CR000007.dcm,spine,spine,0,0.2056253147076066,0,,5,counterfactual_learned_axis,0.3534988997172734,"{""spine_artifact"": 0.29517958720081544, ""spine_axis"": 0.05919687046412412, ""spine_coverage"": 0.01510975875174757}","{""spine_artifact"": 0.3608779317904294, ""spine_axis"": 0.4118098039322805, ""spine_coverage"": 0.5070494893992459}","{""spine_artifact"": {""basis"": ""criterion_threshold"", ""status"": ""pass""}, ""spine_axis"": {""basis"": ""counterfactual_learned_axis"", ""clinical_validation"": false, ""status"": ""pass""}, ""spine_coverage"": {""basis"": ""criterion_threshold"", ""status"": ""pass""}}"
172,0,4,2.25.269648774413746842548908998641183395622,2.25.269648774413746842548908998641183395622/series_001_2_CR/A2504393664 DXA/CR DXA/CR000000.dcm,hip_right,hip_right,0,0.2307488698131868,0,,5,no_detected_violation,0.35065400322197293,"{""hip_position_rotation"": 0.2545824434940393, ""hip_roi_coverage"": 0.04281860147624548}","{""hip_position_rotation"": 0.45059154425387304, ""hip_roi_coverage"": 0.4916227545295142}","{""hip_position_rotation"": {""basis"": ""criterion_threshold"", ""status"": ""pass""}, ""hip_roi_coverage"": {""basis"": ""criterion_threshold"", ""status"": ""pass""}}"
173,0,4,2.25.269648774413746842548908998641183395622,2.25.269648774413746842548908998641183395622/series_001_2_CR/A2504393664 DXA/CR DXA/CR000001.dcm,spine,spine,1,0.6853250909377055,1,Присутствуют посторонние предметы,5,counterfactual_learned_axis,0.3534988997172734,"{""spine_artifact"": 0.7641544171024502, ""spine_axis"": 0.18175576790166073, ""spine_coverage"": 0.04328228431071871}","{""spine_artifact"": 0.3608779317904294, ""spine_axis"": 0.4118098039322805, ""spine_coverage"": 0.5070494893992459}","{""spine_artifact"": {""basis"": ""criterion_threshold"", ""status"": ""fail""}, ""spine_axis"": {""basis"": ""counterfactual_learned_axis"", ""clinical_validation"": false, ""status"": ""pass""}, ""spine_coverage"": {""basis"": ""criterion_threshold"", ""status"": ""pass""}}"
174,0,4,2.25.269648774413746842548908998641183395622,2.25.269648774413746842548908998641183395622/series_001_2_CR/A2504393664 DXA/CR DXA/CR000002.dcm,hip_left,hip_left,0,0.4972740655344771,1,Некорректная укладка,5,criterion_failure,0.35065400322197293,"{""hip_position_rotation"": 0.4737718851203865, ""hip_roi_coverage"": 0.12838613381573344}","{""hip_position_rotation"": 0.45059154425387304, ""hip_roi_coverage"": 0.4916227545295142}","{""hip_position_rotation"": {""basis"": ""criterion_threshold"", ""status"": ""fail""}, ""hip_roi_coverage"": {""basis"": ""criterion_threshold"", ""status"": ""pass""}}"
175,0,4,2.25.269742577365511543488820993979123763373,2.25.269742577365511543488820993979123763373/series_003_2_CR/A250477751 DXA/CR DXA/CR000000.dcm,spine,spine,0,0.438699143021599,1,,5,counterfactual_learned_axis,0.3534988997172734,"{""spine_artifact"": 0.16907328903147478, ""spine_axis"": 0.27026366955581943, ""spine_coverage"": 0.09057132146889768}","{""spine_artifact"": 0.3608779317904294, ""spine_axis"": 0.4118098039322805, ""spine_coverage"": 0.5070494893992459}","{""spine_artifact"": {""basis"": ""criterion_threshold"", ""status"": ""pass""}, ""spine_axis"": {""basis"": ""counterfactual_learned_axis"", ""clinical_validation"": false, ""status"": ""pass""}, ""spine_coverage"": {""basis"": ""criterion_threshold"", ""status"": ""pass""}}"
209,0,4,2.25.37515662379281069436632838996073181551,2.25.37515662379281069436632838996073181551/series_001_2_CR/A2504329840 DXA/CR DXA/CR000000.dcm,spine,spine,1,0.5398951050146448,1,,5,counterfactual_learned_axis,0.3534988997172734,"{""spine_artifact"": 0.14558011054215353, ""spine_axis"": 0.38838125877345336, ""spine_coverage"": 0.26008262856324205}","{""spine_artifact"": 0.3608779317904294, ""spine_axis"": 0.4118098039322805, ""spine_coverage"": 0.5070494893992459}","{""spine_artifact"": {""basis"": ""criterion_threshold"", ""status"": ""pass""}, ""spine_axis"": {""basis"": ""counterfactual_learned_axis"", ""clinical_validation"": false, ""status"": ""pass""}, ""spine_coverage"": {""basis"": ""criterion_threshold"", ""status"": ""pass""}}"
210,0,4,2.25.37515662379281069436632838996073181551,2.25.37515662379281069436632838996073181551/series_001_2_CR/A2504329840 DXA/CR DXA/CR000001.dcm,hip_left,hip_left,0,0.23294131190901543,0,,5,no_detected_violation,0.35065400322197293,"{""hip_position_rotation"": 0.17155045368800706, ""hip_roi_coverage"": 0.18303674038481121}","{""hip_position_rotation"": 0.45059154425387304, ""hip_roi_coverage"": 0.4916227545295142}","{""hip_position_rotation"": {""basis"": ""criterion_threshold"", ""status"": ""pass""}, ""hip_roi_coverage"": {""basis"": ""criterion_threshold"", ""status"": ""pass""}}"
211,0,4,2.25.37515662379281069436632838996073181551,2.25.37515662379281069436632838996073181551/series_001_2_CR/A2504329840 DXA/CR DXA/CR000002.dcm,hip_right,hip_right,0,0.25156294067376167,0,,5,no_detected_violation,0.35065400322197293,"{""hip_position_rotation"": 0.2971707329206376, ""hip_roi_coverage"": 0.14475992609837177}","{""hip_position_rotation"": 0.45059154425387304, ""hip_roi_coverage"": 0.4916227545295142}","{""hip_position_rotation"": {""basis"": ""criterion_threshold"", ""status"": ""pass""}, ""hip_roi_coverage"": {""basis"": ""criterion_threshold"", ""status"": ""pass""}}"
218,0,4,2.25.52532476139575422857225834315571570912,2.25.52532476139575422857225834315571570912/series_001_2_CR/A2504247961 DXA/CR DXA/CR000000.dcm,spine,spine,1,0.38361140371032637,1,,5,counterfactual_learned_axis,0.3534988997172734,"{""spine_artifact"": 0.11972025179820552, ""spine_axis"": 0.23516347253894568, ""spine_coverage"": 0.28594550518228745}","{""spine_artifact"": 0.3608779317904294, ""spine_axis"": 0.4118098039322805, ""spine_coverage"": 0.5070494893992459}","{""spine_artifact"": {""basis"": ""criterion_threshold"", ""status"": ""pass""}, ""spine_axis"": {""basis"": ""counterfactual_learned_axis"", ""clinical_validation"": false, ""status"": ""pass""}, ""spine_coverage"": {""basis"": ""criterion_threshold"", ""status"": ""pass""}}"
233,0,4,2.25.76710355977373089612172037086913478687,2.25.76710355977373089612172037086913478687/series_002_3_CR/A2504104830 DXA/CR DXA/CR000000.dcm,hip_right,hip_right,0,0.37977928849007636,1,,5,binary_only_review,0.35065400322197293,"{""hip_position_rotation"": 0.3934717129543139, ""hip_roi_coverage"": 0.02332711297548957}","{""hip_position_rotation"": 0.45059154425387304, ""hip_roi_coverage"": 0.4916227545295142}","{""hip_position_rotation"": {""basis"": ""criterion_threshold"", ""status"": ""pass""}, ""hip_roi_coverage"": {""basis"": ""criterion_threshold"", ""status"": ""pass""}}"
234,0,4,2.25.76710355977373089612172037086913478687,2.25.76710355977373089612172037086913478687/series_002_3_CR/A2504104830 DXA/CR DXA/CR000001.dcm,spine,spine,0,0.3471344440003672,0,,5,counterfactual_learned_axis,0.3534988997172734,"{""spine_artifact"": 0.21830643134434347, ""spine_axis"": 0.061140567133723955, ""spine_coverage"": 0.021486351509486423}","{""spine_artifact"": 0.3608779317904294, ""spine_axis"": 0.4118098039322805, ""spine_coverage"": 0.5070494893992459}","{""spine_artifact"": {""basis"": ""criterion_threshold"", ""status"": ""pass""}, ""spine_axis"": {""basis"": ""counterfactual_learned_axis"", ""clinical_validation"": false, ""status"": ""pass""}, ""spine_coverage"": {""basis"": ""criterion_threshold"", ""status"": ""pass""}}"
235,0,4,2.25.76710355977373089612172037086913478687,2.25.76710355977373089612172037086913478687/series_002_3_CR/A2504104830 DXA/CR DXA/CR000002.dcm,hip_left,hip_left,0,0.17361304592646898,0,,5,no_detected_violation,0.35065400322197293,"{""hip_position_rotation"": 0.16682136001450673, ""hip_roi_coverage"": 0.016418400461253008}","{""hip_position_rotation"": 0.45059154425387304, ""hip_roi_coverage"": 0.4916227545295142}","{""hip_position_rotation"": {""basis"": ""criterion_threshold"", ""status"": ""pass""}, ""hip_roi_coverage"": {""basis"": ""criterion_threshold"", ""status"": ""pass""}}"
243,0,4,2.25.87869906212286587478854831452123526595,2.25.87869906212286587478854831452123526595/series_002_2_CR/A250419699 DXA/CR DXA/CR000000.dcm,hip_left,hip_left,0,0.08602023855189438,0,,5,no_detected_violation,0.35065400322197293,"{""hip_position_rotation"": 0.15389280073092357, ""hip_roi_coverage"": 0.01285599417525049}","{""hip_position_rotation"": 0.45059154425387304, ""hip_roi_coverage"": 0.4916227545295142}","{""hip_position_rotation"": {""basis"": ""criterion_threshold"", ""status"": ""pass""}, ""hip_roi_coverage"": {""basis"": ""criterion_threshold"", ""status"": ""pass""}}"
244,0,4,2.25.87869906212286587478854831452123526595,2.25.87869906212286587478854831452123526595/series_002_2_CR/A250419699 DXA/CR DXA/CR000001.dcm,spine,spine,1,0.6486545941076641,1,Присутствуют посторонние предметы,5,counterfactual_learned_axis,0.3534988997172734,"{""spine_artifact"": 0.6563013997571293, ""spine_axis"": 0.31293760652734576, ""spine_coverage"": 0.10195324337415179}","{""spine_artifact"": 0.3608779317904294, ""spine_axis"": 0.4118098039322805, ""spine_coverage"": 0.5070494893992459}","{""spine_artifact"": {""basis"": ""criterion_threshold"", ""status"": ""fail""}, ""spine_axis"": {""basis"": ""counterfactual_learned_axis"", ""clinical_validation"": false, ""status"": ""pass""}, ""spine_coverage"": {""basis"": ""criterion_threshold"", ""status"": ""pass""}}"
245,0,4,2.25.87869906212286587478854831452123526595,2.25.87869906212286587478854831452123526595/series_002_2_CR/A250419699 DXA/CR DXA/CR000002.dcm,hip_right,hip_right,0,0.33177798335502523,0,,5,no_detected_violation,0.35065400322197293,"{""hip_position_rotation"": 0.368966292690706, ""hip_roi_coverage"": 0.12066361997587992}","{""hip_position_rotation"": 0.45059154425387304, ""hip_roi_coverage"": 0.4916227545295142}","{""hip_position_rotation"": {""basis"": ""criterion_threshold"", ""status"": ""pass""}, ""hip_roi_coverage"": {""basis"": ""criterion_threshold"", ""status"": ""pass""}}"
